ID_GRUP;DESC_DATUM;DESC_DASPA;DESC_DAENG;ID_ELLIP
Adindan;Adindan (Burkina Faso, Camerun, Etiòpia, Mali, Senegal, Sudan);Adindan (Burkina Faso, Camerún, Etiopía, Malí, Senegal, Sudán);Adindan (Burkina Faso, Cameroon, Ethiopia, Mali, Senegal, Sudan);Clarke 1880
Afgooye;Afgooye (Somàlia);Afgooye (Somalia);Afgooye (Somalia);Krassovsky 1940
Ain el Abd 1970;Ain el Abd (Bahrain i Aràbia Saudita) 1970;Ain el Abd (Bahréin y Arabia Saudita) 1970;Ain el Abd (Bahrain and Saudi Arabia) 1970;International 1924
American Samoa 1962;Samoa Americana 1962;Samoa Americana 1962;American Samoa 1962;Clarke 1866
Anna 1 Astro 1965;Illes Cocos, Anna 1, Astro 1965;Islas Cocos, Anna 1, Astro 1965;Cocos Islands, Anna 1, Astro 1965;Australian National
Antigua Island Astro 1943;Illa Antigua, Astro 1943;Isla Antigua, Astro 1943;Antigua Island, Astro 1943;Clarke 1880
Arc 1950;Arc (Botswana, Burundi, Lesotho, Malawi, Swazilàndia, Zaire, Zàmbia, Zimbabwe) 1950;Arc (Botsuana, Burundi, Lesotho, Malawi, Swazilandia, Zaire, Zambia, Zimbabwe) 1950;Arc (Botswana, Burundi, Lesotho, Malawi, Swaziland, Zaire, Zambia, Zimbabwe) 1950;Clarke 1880
Ascension Island 1958;Illa de l'Ascensió 1958;Isla de la Ascensión 1958;Ascension Island 1958;International 1924
Astro Beacon E 1945;Iwo Jima, Astro Balisa E 1945;Iwo Jima, Astro Baliza E 1945;Iwo Jima, Astro Beacon E 1945;International 1924
Astro DOS 71/4;Illa de Santa Helena, Directorate of Overseas Surveys (DOS), Astro 71/4;Isla de Santa Helena, Directora de Overseas Surveys (DOS), Astro 71/4;St Helena Island, Directorate of Overseas Surveys (DOS), Astro 71/4;International 1924
Astro Tern Island (FRIG) 1961;Illa de Tern (estació FRIG) (Hawaii), Astro 1961;Isla de Tern (estación FRIG) (Hawaii), Astro 1961;Tern Island (FRIG station), Astro 1961;International 1924
Astronomical Station 1952;Estació Astronòmica de l'Illa Marcus (Japó) 1952;Estación Astronómica de la Isla Marcus (Japón) 1952;Astronomical Station of Marcus Island (Japan) 1952;International 1924
AGD66;Dàtum Geodèsic Australià 1966;Dátum Geodésico Australiano 1966;Australian Geodetic Datum 1966;Australian National
AGD84;Dàtum Geodèsic Australià 1984;Dátum Geodésico Australiano 1984;Australian Geodetic Datum 1984;Australian National
Ayabelle Lighthouse;Far d'Ayabelle (Djibouti);Faro de Ayabelle (Yibuti);Ayabelle Lighthouse (Djibouti);Clarke 1880
Bellevue (IGN);Bellevue (IGN), Illes Éfaté i Erromango (Illes Vanuatu);Bellevue (IGN), Islas Éfaté y Erromango (Islas Vanuatu);Bellevue (IGN), Efate & Erromango Islands (New Hebrides);International 1924
Bermuda 1957;Bermudes 1957;Bermudas 1957;Bermuda 1957;Clarke 1866
Bissau;Bissau;Bissau;Bissau;International 1924
Bogota Observatory;Observatori de Bogotà;Observatorio de Bogotá;Bogota Observatory;International 1924
Bukit Rimpah;Bukit Rimpah, Indonèsia (llles de Bangka i de Belitung);Bukit Rimpah, Indonesia (lslas de Bangka y de Belitung);Bukit Rimpah, Indonesia (Bangka & Belitung Ids);Bessel 1841
Camacupa Clarke 1880;Camacupa, Angola, Clarke 1880;Camacupa, Angola, Clarke 1880;Camacupa Clarke 1880;Clarke 1880
Camp Area Astro;Antàrtida (Base de McMurdo), Astro;Antártida (Base de McMurdo), Astro;Antarctica (McMurdo Camp Area), Astro;International 1924
Campo Inchauspe;Campo Inchauspe, Argentina;Campo Inchauspe, Argentina;Campo Inchauspe, Argentina;International 1924
Canton Astro 1966;Illa Canton, Illes Fènix (Kiribati), Astro 1966;Isla Cantón, Islas Fénix (Kiribati), Astro 1966;Canton Island, Phoenix Islands (Kiribati), Astro 1966;International 1924
Cape;Cap (Sud-àfrica);Cabo (Sudáfrica);Cape (South Africa);Clarke 1880
Cape Canaveral;Cap Canaveral;Cabo Cañaveral;Cape Canaveral;Clarke 1866
Carthage;Cartago (Tunísia);Cartago (Túnez);Carthage (Tunisia);Clarke 1880
CH1903;CH1903 (Confederació Suïssa);CH1903 (Confederación Suiza);CH1903 (Swiss Confederation);Bessel 1841
Chatham Island Astro 1971;Illa Chatham (Nova Zelanda), Astro 1971;Isla Chatham (Nueva Zelanda), Astro 1971;Chatham Island (New Zealand), Astro 1971;International 1924
Chua Astro;Chua (Paraguai), Astro;Chua (Paraguay), Astro;Chua (Paraguay), Astro;International 1924
Corrego Alegre;Corrego Alegre (Brasil);Corrego Alegre (Brasil);Corrego Alegre (Brazil);International 1924
Dabola;Dabola (Guinea);Dabola (Guinea);Dabola (Guinea);Clarke 1880
Deception Island;Illa Decepció (Antàrtida);Isla Decepción (Antártida);Deception Island (Antartida);Clarke 1880
Djakarta (Batavia);Jakarta (Batavia), Sumatra, Indonèsia;Yakarta (Batavía), Sumatra, Indonesia;Jakarta (Batavia), Sumatra, Indonesia;Bessel 1841
DOS 1968;Illes Nova Geòrgia (illa Gizo),  Directorate of Overseas Surveys (DOS), 1968;Islas Nueva Georgia (isla Gizo), Directorate of Overseas Surveys (DOS), 1968;New Georgia Islands (Gizo Island), Directorate of Overseas Surveys (DOS), 1968;International 1924
Easter Island 1967;Illa de Pasqua 1967;Isla de Pascua 1967;Easter Island 1967;International 1924
"Estonia; Coordinate System 1937";"Estònia; Sistema de coordenades 1937";"Estonia; Sistema de coordenadas 1937";"Estonia; Coordinate System 1937";Bessel 1841
ED50;Europeu 1950;Europeo 1950;European 1950;International 1924
ED79;Europeu 1979;Europeo 1979;European 1979;International 1924
ETRS89;Sistema de Referència Terrestre Europeu 1989;Sistema de Referencia Terrestre Europeo 1989;European Terrestrial Reference System 1989;GRS 1980
Fort Thomas 1955;"Fort Thomas (Illa de Nevis; Illa de Saint Kitts) 1955";"Fort Thomas (Isla de Nevis; Isla de Saint Kitts) 1955";Fort Thomas (Nevis and St. Kitts Islands) 1955;Clarke 1880
Gan 1970;Gan (República de les Maldives) 1970;Gan (República de Maldivas) 1970;Gan (Republic of Maldives) 1970;International 1924
Geodetic Datum 1949;Datum geodèsic de Nova Zelanda 1949;Datum geodésico de Nueva Zelanda 1949;Geodetic Datum of New Zealand 1949;International 1924
GGRS87;Sistema de Referència Geodèsic Grec 1987;Sistema de Referencia Geodésico Griego 1987;Greek Geodetic Reference System 1987;GRS 1980
Graciosa Base SW 1948;Base Graciosa SW (Açores) 1948;Base Graciosa SW (Azores) 1948;Graciosa Base SW (Azores) 1948;International 1924
Guam 1963;Guam 1963;Guam 1963;Guam 1963;Clarke 1866
Gunung Segara;Gunung Segara (Kalimantan, Indonèsia);Gunung Segara (Kalimantan, Indonesia);Gunung Segara (Kalimantan, Indonesia);Bessel 1841
GUX 1 Astro;Illa de Guadalcanal, GUX 1 Astro;Isla de Guadalcanal, GUX 1 Astro;Guadalcanal Island, GUX 1 Astro;International 1924
Herat North;Herat Nord (Illa de Guadalcanal);Herat Nord (Isla de Guadalcanal);Herat North (Guadalcanal Island);International 1924
Hermannskogel Datum;Datum Hermannskogel (Croàcia-Sèrbia, Bòsnia-Hercegovina);Datum Hermannskogel (Croacia-Serbia, Bosnia-Herzegovina);Hermannskogel (Croatia-Serbia, Bosnia-Herzegovina);Bessel 1841 (Namibia)
Hjorsey 1955;Hjorsey (Islàndia) 1955;Hjorsey (Islandia) 1955;Hjorsey (Iceland) 1955;International 1924
Hong Kong 1963;Hong Kong 1963;Hong Kong 1963;Hong Kong 1963;International 1924
Hu-Tzu-Shan;Hu-Tzu-Shan (Taiwan);Hu-Tzu-Shan (Taiwán);Hu-Tzu-Shan (Taiwan);International 1924
Indian B;Indi B (Bangla Desh);Indio B (Bangladesh);Indian B (Bangladesh);Everest (India 1830)
Indian I;"Indi I (Índia; Nepal)";"Indio I (India; Nepal)";"Indian I (India; Nepal)";Everest (India 1956)
Indian P;Indi P (Pakistan);Indio P (Pakistán);Indian P (Pakistan);Everest (Pakistan)
Indian 1954;Indi (Tailàndia) 1954;Indio (Tailandia) 1954;Indian (Thailand) 1954;Everest (India 1830)
Indian 1960;Indi (Vietnam) 1960;Indio (Vietnam) 1960;Indian (Vietnam ) 1960;Everest (India 1830)
Indian 1975;Indi (Tailàndia) 1975;Indio (Tailandia) 1975;Indian (Thailand) 1975;Everest (India 1830)
Indonesian 1974;Indonesi 1974;Indonesio 1974;Indonesian 1974;Indonesian 1974
Ireland 1965;Irlanda 1965;Irlanda 1965;Ireland 1965;Modified Airy
Israel 1989;Nou dàtum d'Israel 1989;Nuevo datum de Israel 1989;Israel New Datum 1989;GRS 1980
ISTS 061 Astro 1968;ITS 061 (Illes Geòrgia del Sud), Astro 1968;ITS 061 (Islas Georgia del Sur), Astro 1968;ISTS 061 (South Georgia Islands), Astro 1968;International 1924
ISTS 073 Astro 1969;ITS 073 (Diego Garcia), Astro 1969;ITS 073 (Diego García), Astro 1969;ISTS 073 (Diego Garcia), Astro 1969;International 1924
ITRF92;Marc de Referència Terrestre Internacional 1992;Marco de Referencia Terrestre Internacional 1992;International Terrestrial Reference Frame 1992;GRS 1980
Johnston Island 1961;Illa Johnston 1961;Isla Johnston 1961;Johnston Island 1961;International 1924
Kandawala;Kandawala (Sri Lanka);Kandawala (Sri Lanka);Kandawala (Sri Lanka);Everest (India 1830)
Kerguelen Island 1949;Illa Kerguelen 1949;Isla Kerguelen 1949;Kerguelen Island 1949;International 1924
Kertau 1948;Kertau (Malàisia occidental i Singapur) 1948;Kertau (Malasia occidental y Singapur) 1948;Kertau (West Malaysia & Singapore) 1948;Everest (Malay. & Sing)
KKJ Finland;Kartasto Koordinaati Jarjestelma (KKJ) Finlàndia;Kartasto Koordinaati Jarjestelma (KKJ) Finlandia;Kartasto Koordinaati Jarjestelma (KKJ) Finland;International 1924
Kusaie Astro 1951;Kusaie (Illes Carolines), Astro 1951;Kusaie (Islas Carolinas), Astro 1951;Kusaie (Caroline Islands), Astro 1951;International 1924
Korean Geodetic System;Sistema geodèsic de Corea del Sud;Sistema geodésico de Corea del Sur;South Korean Geodetic System;GRS 1980
L. C. 5 Astro 1961;L. C. 5 (Illa Cayman Brac), Astro 1961;L. C. 5 (Isla Cayman Brac), Astro 1961;L. C. 5 (Cayman Brac Island), Astro 1961;Clarke 1866
Leigon;Leigon (Ghana);Leigon (Ghana);Leigon (Ghana);Clarke 1880
Liberia 1964;Libèria 1964;Liberia 1964;Liberia 1964;Clarke 1880
Lisboa 1937;Lisboa 1937;Lisboa 1937;Lisbon 1937;International 1924
Lisboa;Lisboa;Lisboa;Lisbon;International 1924
Luzon;Luzón (Filipines);Luzón (Filipinas);Luzon (Philippines);Clarke 1866
M'Poraloko;M'Poraloko (Gabon);M'Poraloko (Gabon);M'Poraloko (Gabon);Clarke 1880
Madrid 1870;Madrid 1870;Madrid 1870;Madrid 1870;Struve 1860
Mahe 1971;Mahé (Seychelles) 1971;Mahé (Seychelles) 1971;Mahe 1971;Clarke 1880
Massawa;Massaua (Eritrea, Etiòpia);Massaua (Eritrea, Etiopía);Massawa (Eritrea, Ethiopia);Bessel 1841
Merchich;Merchich (el Marroc);Merchich (Marruecos);Merchich (Morocco);Clarke 1880
MGI 1901;"MGI (Bòsnia i Hercegovina; Croàcia) 1901";"MGI (Bosnia y Herzegovina; Croacia) 1901";"MGI (Boznia and Herzegovina; Croatia) 1901";Bessel 1841
Midway Astro 1961;Illes Midway, Astro 1961;Islas Midway, Astro 1961;Midway Islands, Astro 1961;International 1924
Minna;Minna (Camerun, Nigèria);Minna (Camerún, Nigeria);Minna (Cameroon, Nigeria);Clarke 1880
Monte Mario;Monte Mario (Itàlia);Monte Mario (Italia);Monte Mario (Italy);International 1924
Montserrat Island Astro 1958;Illa de Montserrat, Astro 1958;Isla de Montserrat, Astro 1958;Montserrat Island, Astro 1958;Clarke 1880
Nahrwan;Nahrwan (Oman, Aràbia Saudita, Emirats Àrabs Units);Nahrwan (Omán, Arabia Saudita, Emiratos Árabes Unidos);Nahrwan (Oman, Saudi Arabia, United Arab Emirates);Clarke 1880
Naparima BWI;Naparima BWI (Trinitat i Tobago);Naparima BWI (Trinidad y Tobago);Naparima BWI (Trinidad & Tobago);International 1924
North American 1927;Amèrica del Nord 1927;América del Norte 1927;North American 1927;Clarke 1866
North American 1983;Amèrica del Nord 1983;América del Norte 1983;North American 1983;GRS 1980
North Sahara 1959;Sàhara del Nord 1959;Sáhara del Norte 1959;North Sahara 1959;Clarke 1880
NTF;Nova Triangulació Francesa;Nueva Triangulación Francesa;Nouvelle Triangulation Française;Clarke 1880
Observatorio Meteorologico 1939;Observatori Meteorològic Açores 1939;Observatorio Meteorológico Azores 1939;Observatorio Meteorologico 1939;International 1924
Old Egyptian 1907;Antic egipci 1907;Antiguo egipcio 1907;Old Egyptian 1907;Helmert 1906
Old Hawaiian;Antic hawaià;Antiguo hawaiano;Old Hawaiian;Clarke 1866
Oman;Oman;Omán;Oman;Clarke 1880
Ordnance Survey Great Britain 1936;Ordnance Survey Gran Bretanya 1936;Ordnance Survey Gran Bretaña 1936;Ordnance Survey Great Britain 1936;Airy 1830
Pico de las Nieves;Pico de las Nieves;Pico de las Nieves;Pico de las Nieves;International 1924
Pitcairn Astro 1967;Illa Pitcairn, Astro 1967;Isla Pitcairn, Astro 1967;Pitcairn Island, Astro 1967;International 1924
Point 58;Punt 58 (mitjana per a Burkina Faso i Níger);Punto 58 (media para Burkina Faso y Níger);Point 58 (mean for Burkina Faso & Niger);Clarke 1880
Pointe Noire 1948;Pointe Noire (Congo) 1948;Pointe Noire (Congo) 1948;Pointe Noire (Congo) 1948;Clarke 1880
Porto Santo 1936;Porto Santo (Madeira) 1936;Porto Santo (Madeira) 1936;Porto Santo (Madeira) 1936;International 1924
PosGAR 1998;PosGAR (Argentina) 1998;PosGAR (Argentina) 1998;PosGAR 1998;GRS 1980
Provisional South American 1956;Sud-americà provisional 1956;Sudamericano provisional 1956;Provisional South American 1956;International 1924
Provisional South Chilean 1963;Provisional del sud de Xile 1963;Provisional del sur de Chile 1963;Provisional South Chilean 1963;International 1924
Puerto Rico;Puerto Rico;Puerto Rico;Puerto Rico;Clarke 1866
Pulkovo 1942;Pulkovo (Rússia) 1942;Pulkovo (Rusia) 1942;Pulkovo 1942;Krassovsky 1940
Qatar National;Nacional de Qatar;Nacional de Qatar;Qatar National;International 1924
Qornoq;Qornoq (sud de Groenlàndia);Qornoq (sur de Groenlandia);Qornoq (south of Greenland);International 1924
REGCAN95;Red Geodésica de Canarias 1995;Red Geodésica de Canarias 1995;Red Geodésica de Canarias 1995;GRS 1980
Reunion;Illa de la Reunió (Illes Mascarenyes);Isla de la Reunión (Islas Mascareñas);Réunion (Mascarene Islands);International 1924
Rikets koordinatsystem 1990;Rikets coordinasystem (Suècia) 1990;Rikets coordinasystem (Suecia) 1990;Rikets koordinatsystem (Sweden) 1990;Bessel 1841
Rome 1940;Roma 1940;Roma 1940;Rome 1940;International 1924
S-42;S-42 (Pulkovo 1942: Hongria, Polònia, Txecoslovàquia, Letònia, Kazakhstan, Albània, Romania);S-42 (Pulkovo 1942: Hungría, Polonia, Checoslovaquia, Letonia, Kazajistán, Albania, Rumanía);S-42 (Pulkovo 1942: Hungary, Poland, Czechoslavakia, Latvia, Kazakhstan, Albania, Romania);Krassovsky 1940
S-JTSK;S-JTSK (Txecoslovàquia, anterior a l'1 de gener de 1993);S-JTSK (Checoslovaquia, anterior al 1 de enero de 1993);S-JTSK (Czechoslavakia, Prior 1 JAN 1993);Bessel 1841
Santo (DOS) 1965;Santo (Illa de l'Esperit Sant), Directorate of Overseas Surveys (DOS) 1965;Santo (Isla del Espíritu Santo), Directorate of Overseas Surveys (DOS) 1965;Espirito Santo Island, Directorate of Overseas Surveys (DOS) 1965;International 1924
Sao Braz;Sao Braz (Açores);Sao Braz (Azores);Sao Braz (Azores);International 1924
Sapper Hill 1943;Sapper Hill (Illa Malvina Oriental) 1943;Sapper Hill (Isla Malvina Oriental) 1943;Sapper Hill (East Falkland Island) 1943;International 1924
Schwarzeck;Schwarzeck (Namíbia);Schwarzeck (Namibia);Schwarzeck (Namibia);Bessel 1841 (Namibia)
Selvagem Grande 1938;Selvagem Grande (Madeira) 1938;Selvagem Grande (Madeira) 1938;Selvagem Grande (Madeira) 1938;International 1924
SIRGAS;Sistema de Referencia Geocéntrico para América del Sur 1995;Sistema de Referencia Geocéntrico para América del Sur 1995;Sistema de Referencia Geocéntrico para América del Sur 1995;GRS 1980
Sierra Leone 1960;Sierra Leone 1960;Sierra Leona 1960;Sierra Leone 1960;Clarke 1880
South American 1969;Sud-amèrica 1969;Sudamérica 1969;South American 1969;South American 1969
South Asia;Àsia del Sud;Asia del Sur;South Asia;Modified Fischer 1960
Tananarive Observatory 1925;Observatori Tananarive (Madagascar) 1925;Observatorio Tananarive (Madagascar) 1925;Tananarive Observatory (Madagascar) 1925;International 1924
Tete;Moçambic;Mozambique;Mozambique;Clarke 1866
Timbalai 1948;Timbalai (Brunei) 1948;Timbalai (Brunei) 1948;Timbalai 1948;Everest (Sabah Sarawak)
Tokyo;Tòquio;Tokio;Tokyo;Bessel 1841
Tristan Astro 1968;Tristan da Cunha, Astro 1968;Tristan da Cunha, Astro 1968;Tristan da Cunha, Astro 1968;International 1924
Viti Levu 1916;Viti Levu (Fiji) 1916;Viti Levu (Fiyi) 1916;Viti Levu (Fiji) 1916;Clarke 1880
Voirol 1960;Voirol (Algèria) 1960;Voirol (Argelia) 1960;Voirol (Algeria) 1960;Clarke 1880
Wake Island Astro 1952;Illes Wake, Astro 1952;Islas Wake, Astro 1952;Wake Island, Astro 1952;International 1924
Wake-Eniwetok 1960;Wake-Eniwetok (Illes Marshall) 1960;Wake-Eniwetok (Islas Marshall) 1960;Wake-Eniwetok (Marshall Islands) 1960;Hough 1960
WGS72;Sistema Geodèsic Mundial 1972;Sistema Geodésico Mundial 1972;World Geodetic System 1972;WGS 1972
WGS84;Sistema Geodèsic Mundial 1984;Sistema Geodésico Mundial 1984;World Geodetic System 1984;WGS 1984
Yacare;Yacare (Uruguai);Yacare (Uruguay);Yacare (Uruguay);International 1924
Zanderij;Zanderij (Surinam);Zanderij (Surinam);Zanderij (Suriname);International 1924
