ID_GEODES;ID_GEOGRUP;DESCGEODES;DESCGEOSPA;DESCGEOENG;NOMESORTID;ID_PRJ;ID_VALPRJ;UNITATS;ID_DATUM;ID_ELL_ALT
UTM-6N-WGS84;UTM-6N-WGS84;UTM fus 6 hemisferi Nord amb dàtum WGS84;UTM huso 6 hemisferio Norte con dátum WGS84;UTM zone 6 Northern Hemisphere with WGS84 datum;F;UTM;6N;m;WGS 1984;
UTM-10N-WGS84;UTM-10N-WGS84;UTM fus 10 hemisferi Nord amb dàtum WGS84;UTM huso 10 hemisferio Norte con dátum WGS84;UTM zone 10 Northern Hemisphere with WGS84 datum;F;UTM;10N;m;WGS 1984;
UTM-10N-NAD27-CW;UTM-10N-NAD27;UTM fus 10 hemisferi Nord amb dàtum Amèrica del Nord 1927 (paràmetres MADTRAN Oest dels EEUU contigus);UTM huso 10 hemisferio Norte con dátum América del Norte 1927 (parámetros MADTRAN Oeste de los EEUU contiguos);UTM zone 10 Northern Hemisphere with North American datum 1927 (MADTRAN West ConUS parameters);F;UTM;10N;m;North American 1927 CW;
UTM-11N-NAD27-CW;UTM-11N-NAD27;UTM fus 11 hemisferi Nord amb dàtum Amèrica del Nord 1927 (paràmetres MADTRAN Oest dels EEUU contigus);UTM huso 11 hemisferio Norte con dátum América del Norte 1927 (parámetros MADTRAN Oeste de los EEUU contiguos);UTM zone 11 Northern Hemisphere with North American datum 1927 (MADTRAN West ConUS parameters);F;UTM;11N;m;North American 1927 CW;
UTM-12N-NAD83;UTM-12N-NAD83;UTM fus 12 hemisferi Nord amb dàtum Amèrica del Nord 1983 (paràmetres MADTRAN EEUU contigus);UTM huso 12 hemisferio Norte con dátum América del Norte 1983 (parámetros MADTRAN EEUU contiguos);UTM zone 12 Northern Hemisphere with North American datum 1983 (MADTRAN ConUS parameters);F;UTM;12N;m;North American 1983 CO;
UTM-13N-ITRF92;UTM-13N-ITRF92;UTM fus 13 hemisferi Nord amb dàtum ITRF92;UTM huso 13 hemisferio Norte con dátum ITRF92;UTM zone 13 Northern Hemisphere with ITRF92 datum;F;UTM;13N;m;ITRF92;
UTM-14N-ITRF92;UTM-14N-ITRF92;UTM fus 14 hemisferi Nord amb dàtum ITRF92;UTM huso 14 hemisferio Norte con dátum ITRF92;UTM zone 14 Northern Hemisphere with ITRF92 datum;F;UTM;14N;m;ITRF92;
UTM-15N-ITRF92;UTM-15N-ITRF92;UTM fus 15 hemisferi Nord amb dàtum ITRF92;UTM huso 15 hemisferio Norte con dátum ITRF92;UTM zone 15 Northern Hemisphere with ITRF92 datum;F;UTM;15N;m;ITRF92;
UTM-13N-NAD27-MX;UTM-13N-NAD27;UTM fus 13 hemisferi Nord amb dàtum Amèrica del Nord 1927 (paràmetres MADTRAN Mèxic);UTM huso 13 hemisferio Norte con dátum América del Norte 1927 (parámetros MADTRAN México);UTM zone 13 Northern Hemisphere with North American datum 1927 (MADTRAN Mexico parameters);F;UTM;13N;m;North American 1927 MX;
UTM-14N-NAD27-MX;UTM-14N-NAD27;UTM fus 14 hemisferi Nord amb dàtum Amèrica del Nord 1927 (paràmetres MADTRAN Mèxic);UTM huso 14 hemisferio Norte con dátum América del Norte 1927 (parámetros MADTRAN México);UTM zone 14 Northern hemisphere with North American datum 1927 (MADTRAN Mexico parameters);F;UTM;14N;m;North American 1927 MX;
UTM-15N-NAD27-MX;UTM-15N-NAD27;UTM fus 15 hemisferi Nord amb dàtum Amèrica del Nord 1927 (paràmetres MADTRAN Mèxic);UTM huso 15 hemisferio Norte con dátum América del Norte 1927 (parámetros MADTRAN México);UTM zone 15 Northern Hemisphere with North American datum 1927 (MADTRAN Mexico parameters);F;UTM;15N;m;North American 1927 MX;
UTM-15N-NAD83;UTM-15N-NAD83;UTM fus 15 hemisferi Nord amb dàtum Amèrica del Nord 1983 (paràmetres MADTRAN EEUU contigus);UTM huso 15 hemisferio Norte con dátum América del Norte 1983 (parámetros MADTRAN EEUU contiguos);UTM zone 15 Northern hemisphere with North American datum 1983 (MADTRAN ConUS parameters);F;UTM;15N;m;North American 1983 CO;
UTM-16N-NAD27-BC;UTM-16N-NAD27;UTM fus 16 hemisferi Nord amb dàtum Amèrica del Nord 1927 (paràmetres MADTRAN Nicaragua);UTM huso 16 hemisferio Norte con dátum América del Norte 1927 (parámetros MADTRAN Nicaragua);UTM zone 16 Northern Hemisphere with North American datum 1927 (MADTRAN Nicaragua parameters);F;UTM;16N;m;North American 1927 BC;
UTM-16N-WGS84;UTM-16N-WGS84;UTM fus 16 hemisferi Nord amb dàtum WGS84;UTM huso 16 hemisferio Norte con dátum WGS84;UTM zone 16 Northern Hemisphere with WGS84 datum;F;UTM;16N;m;WGS 1984;
UTM-17S-SAD69-PE;UTM-17S-SAD69;UTM fus 17 hemisferi Sud amb dàtum Amèrica del Sud 1969 (paràmetres MADTRAN Perú);UTM huso 17 hemisferio Sur con dátum América del Sur 1969 (parámetros MADTRAN Perú);UTM zone 17 Southern Hemisphere with South American datum 1969 (MADTRAN Peru parameters);F;UTM;17S;m;South American 1969 PE;
UTM-17S-WGS84;UTM-17S-WGS84;UTM fus 17 hemisferi Sud amb dàtum WGS84;UTM huso 17 hemisferio Sur con dátum WGS84;UTM zone 17 Southern Hemisphere with WGS84 datum;F;UTM;17S;m;WGS 1984;
UTM-17S-PSA56-P;UTM-17S-PSA56;UTM fus 17 hemisferi Sud amb dàtum Provisional Amèrica del Sud 1956 (paràmetres MADTRAN Perú);UTM huso 17 hemisferio Sur con dátum Provisional América del Sur 1956 (parámetros MADTRAN Perú);UTM zone 17 Southern Hemisphere with South American Provisional datum 1956 (MADTRAN Peru parameters);F;UTM;17S;m;Provisional South American 1956 P;
UTM-18N-WGS84;UTM-18N-WGS84;UTM fus 18 hemisferi Nord amb dàtum WGS84;UTM huso 18 hemisferio Norte con dátum WGS84;UTM zone 18 Northern Hemisphere with WGS84 datum;F;UTM;18N;m;WGS 1984;
UTM-18S-WGS84;UTM-18S-WGS84;UTM fus 18 hemisferi Sud amb dàtum WGS84;UTM huso 18 hemisferio Sur con dátum WGS84;UTM zone 18 Southern Hemisphere with WGS84 datum;F;UTM;18S;m;WGS 1984;
UTM-18S-SAD69-CH;UTM-18S-SAD69;UTM fus 18 hemisferi Sud amb dàtum Amèrica del Sud 1969 (paràmetres MADTRAN Xile);UTM huso 18 hemisferio Sur con dátum América del Sur 1969 (parámetros MADTRAN Chile);UTM zone 18 Southern Hemisphere with South American datum 1969 (MADTRAN Chile parameters);F;UTM;18S;m;South American 1969 CH;
UTM-19N-SAD69-BR;UTM-19N-SAD69;UTM fus 19 hemisferi Nord amb dàtum Provisional Amèrica del Sud 1956 CO;UTM huso 19 hemisferio Norte con dátum Provisional América del Sur 1956 CO;UTM zone 19 Northern Hemisphere with Provisional South American datum 1956 CO;F;UTM;19N;m;Provisional South American 1956 CO;
UTM-19S-SAD69-CH;UTM-19S-SAD69;UTM fus 19 hemisferi Sud amb dàtum Amèrica del Sud 1969 (paràmetres MADTRAN Xile);UTM huso 19 hemisferio Sur con dátum América del Sur 1969 (parámetros MADTRAN Chile);UTM zone 19 Southern Hemisphere with South American datum 1969 (MADTRAN Chile parameters);F;UTM;19S;m;South American 1969 CH;
UTM-19S-PSAD56-CN;UTM-19S-PSAD56;"UTM fus 19 hemisferi Sud amb dàtum Provisional Amèrica del Sud 1956 CN (nord de Xile; al voltant de 19S)";"UTM huso 19 hemisferio Sur con dátum Provisional América del Sur 1956 CN (norte de Chile; alrededor de 19S)";"UTM zone 19 Southern Hemisphere with Provisional South American datum 1956 CN (Northern Chile; Near 19S)";F;UTM;19S;m;Provisional South American 1956 CN;
UTM-19S-PSAD56-BC;UTM-19S-PSAD56;"UTM fus 19 hemisferi Sud amb dàtum Provisional Amèrica del Sud 1956 BC (Bolívia; Xile; Colòmbia)";"UTM huso 19 hemisferio Sur con dátum Provisional América del Sur 1956 BC (Bolivia; Chile; Colombia)";"UTM zone 19 Southern Hemisphere with Provisional South American datum 1956 BC (Bolivia; Chile; Colombia)";F;UTM;19S;m;Provisional South American 1956 BC;
UTM-19S-PSAD56-V;UTM-19S-PSAD56;UTM fus 19 hemisferi Sud amb dàtum Provisional Amèrica del Sud 1956 V (Veneçuela);UTM huso 19 hemisferio Sur con dátum Provisional América del Sur 1956 V (Venezuela);UTM zone 19 Southern Hemisphere with Provisional South American datum 1956 V (Venezuela);F;UTM;19S;m;Provisional South American 1956 V;
UTM-19N-WGS84;UTM-19N-WGS84;UTM fus 19 hemisferi Nord amb dàtum WGS84;UTM huso 19 hemisferio Norte con dátum WGS84;UTM zone 19 Northern Hemisphere with WGS84 datum;F;UTM;19N;m;WGS 1984;
UTM-19S-WGS84;UTM-19S-WGS84;UTM fus 19 hemisferi Sud amb dàtum WGS84;UTM huso 19 hemisferio Sur con dátum WGS84;UTM zone 19 Southern Hemisphere with WGS84 datum;F;UTM;19S;m;WGS 1984;
UTM-20S-WGS84;UTM-20S-WGS84;UTM fus 20 hemisferi Sud amb dàtum WGS84;UTM huso 20 hemisferio Sur con dátum WGS84;UTM zone 20 Southern Hemisphere with WGS84 datum;F;UTM;20S;m;WGS 1984;
UTM-20N-WGS84;UTM-20N-WGS84;UTM fus 20 hemisferi Nord amb dàtum WGS84;UTM huso 20 hemisferio Norte con dátum WGS84;UTM zone 20 Northern Hemisphere with WGS84 datum;F;UTM;20N;m;WGS 1984;
UTM-20S-SAD69-BR;UTM-20S-SAD69;UTM fus 20 hemisferi Sud amb dàtum Amèrica del Sud 1969 (paràmetres MADTRAN Brasil);UTM huso 20 hemisferio Sur con dátum América del Sur 1969 (parámetros MADTRAN Brasil);UTM zone 20 Southern Hemisphere with South American datum 1969 (MADTRAN Brazil parameters);F;UTM;20S;m;South American 1969 BR;
UTM-21S-SAD69-BR;UTM-21S-SAD69;UTM fus 21 hemisferi Sud amb dàtum Amèrica del Sud 1969 (paràmetres MADTRAN Brasil);UTM huso 21 hemisferio Sur con dátum América del Sur 1969 (parámetros MADTRAN Brasil);UTM zone 21 Southern Hemisphere with South American datum 1969 (MADTRAN Brazil parameters);F;UTM;21S;m;South American 1969 BR;
UTM-21S-WGS84;UTM-21S-WGS84;UTM fus 21 hemisferi Sud amb dàtum WGS84;UTM huso 21 hemisferio Sur con dátum WGS84;UTM zone 21 Southern Hemisphere with WGS84 datum;F;UTM;21S;m;WGS 1984;
UTM-22S-WGS84;UTM-22S-WGS84;UTM fus 22 hemisferi Sud amb dàtum WGS84;UTM huso 22 hemisferio Sur con dátum WGS84;UTM zone 22 Southern Hemisphere with WGS84 datum;F;UTM;22S;m;WGS 1984;
UTM-22S-SAD69-BR;UTM-22S-SAD69;UTM fus 22 hemisferi Sud amb dàtum Amèrica del Sud 1969 (paràmetres MADTRAN Brasil);UTM huso 22 hemisferio Sur con dátum América del Sur 1969 (parámetros MADTRAN Brasil);UTM zone 22 Southern Hemisphere with South American datum 1969 (MADTRAN Brazil parameters);F;UTM;22S;m;South American 1969 BR;
UTM-23S-SAD69-BR;UTM-23S-SAD69;UTM fus 23 hemisferi Sud amb dàtum Amèrica del Sud 1969 (paràmetres MADTRAN Brasil);UTM huso 23 hemisferio Sur con dátum América del Sur 1969 (parámetros MADTRAN Brasil);UTM zone 23 Southern Hemisphere with South American datum 1969 (MADTRAN Brazil parameters);F;UTM;23S;m;South American 1969 BR;
UTM-24S-SAD69-BR;UTM-24S-SAD69;UTM fus 24 hemisferi Sud amb dàtum Amèrica del Sud 1969 (paràmetres MADTRAN Brasil);UTM huso 24 hemisferio Sur con dátum América del Sur 1969 (parámetros MADTRAN Brasil);UTM zone 24 Southern Hemisphere with South American datum 1969 (MADTRAN Brazil parameters);F;UTM;24S;m;South American 1969 BR;
UTM-25S-SAD69-BR;UTM-25S-SAD69;UTM fus 25 hemisferi Sud amb dàtum Amèrica del Sud 1969 (paràmetres MADTRAN Brasil);UTM huso 25 hemisferio Sur con dátum América del Sur 1969 (parámetros MADTRAN Brasil);UTM zone 25 Southern Hemisphere with South American datum 1969 (MADTRAN Brazil parameters);F;UTM;25S;m;South American 1969 BR;
UTM-20N-SAD69-BR;UTM-20N-SAD69;UTM fus 20 hemisferi Nord amb dàtum Amèrica del Sud 1969 (paràmetres MADTRAN Brasil);UTM huso 20 hemisferio Norte con dátum América del Sur 1969 (parámetros MADTRAN Brasil);UTM zone 20 Northern Hemisphere with South American datum 1969 (MADTRAN Brazil parameters);F;UTM;20N;m;South American 1969 BR;
UTM-21N-WGS84;UTM-21N-WGS84;UTM fus 21 hemisferi Nord amb dàtum WGS84;UTM huso 21 hemisferio Norte con dátum WGS84;UTM zone 21 Northern Hemisphere with WGS84 datum;F;UTM;21N;m;WGS 1984;
UTM-21N-SAD69-BR;UTM-21N-SAD69;UTM fus 21 hemisferi Nord amb dàtum Amèrica del Sud 1969 (paràmetres MADTRAN Brasil);UTM huso 21 hemisferio Norte con dátum América del Sur 1969 (parámetros MADTRAN Brasil);UTM zone 21 Northern Hemisphere with South American datum 1969 (MADTRAN Brazil parameters);F;UTM;21N;m;South American 1969 BR;
UTM-22N-WGS84;UTM-22N-WGS84;UTM fus 22 hemisferi Nord amb dàtum WGS84;UTM huso 22 hemisferio Norte con dátum WGS84;UTM zone 22 Northern Hemisphere with WGS84 datum;F;UTM;22N;m;WGS 1984;
UTM-22N-SAD69-BR;UTM-22N-SAD69;UTM fus 22 hemisferi Nord amb dàtum Amèrica del Sud 1969 (paràmetres MADTRAN Brasil);UTM huso 22 hemisferio Norte con dátum América del Sur 1969 (parámetros MADTRAN Brasil);UTM zone 22 Northern Hemisphere with South American datum 1969 (MADTRAN Brazil parameters);F;UTM;22N;m;South American 1969 BR;
UTM-23N-SAD69-BR;UTM-23N-SAD69;UTM fus 23 hemisferi Nord amb dàtum Amèrica del Sud 1969 (paràmetres MADTRAN Brasil);UTM huso 23 hemisferio Norte con dátum América del Sur 1969 (parámetros MADTRAN Brasil);UTM zone 23 Northern Hemisphere with South American datum 1969 (MADTRAN Brazil parameters);F;UTM;23N;m;South American 1969 BR;
UTM-24N-SAD69-BR;UTM-24N-SAD69;UTM fus 24 hemisferi Nord amb dàtum Amèrica del Sud 1969 (paràmetres MADTRAN Brasil);UTM huso 24 hemisferio Norte con dátum América del Sur 1969 (parámetros MADTRAN Brasil);UTM zone 24 Northern Hemisphere with South American datum 1969 (MADTRAN Brazil parameters);F;UTM;24N;m;South American 1969 BR;
UTM-25N-SAD69-BR;UTM-25N-SAD69;UTM fus 25 hemisferi Nord amb dàtum Amèrica del Sud 1969 (paràmetres MADTRAN Brasil);UTM huso 25 hemisferio Norte con dátum América del Sur 1969 (parámetros MADTRAN Brasil);UTM zone 25 Northern Hemisphere with South American datum 1969 (MADTRAN Brazil parameters);F;UTM;25N;m;South American 1969 BR;
UTM-36S-Tete-MZ;UTM-36S-Tete;UTM fus 36 hemisferi Sud amb dàtum Tete Moçambic;UTM huso 36 hemisferio Sur con dátum Tete Mozambique;UTM zone 36 Southern Hemisphere with Tete datum Mozambique;F;UTM;36S;m;Tete Moz;
UTM-36S-TeteA-MZ;UTM-36S-TeteA;UTM fus 36 hemisferi Sud amb dàtum Tete Moçambic Lat < -24;UTM huso 36 hemisferio Sur con dátum Tete Mozambique Lat < -24;UTM zone 36 Southern Hemisphere with Tete datum Mozambique Lat <-24;F;UTM;36S;m;Tete Moz A;
UTM-36S-TeteB-MZ;UTM-36S-TeteB;UTM fus 36 hemisferi Sud amb dàtum Tete Moçambic Lat [-20, -24];UTM huso 36 hemisferio Sur con dátum Tete Mozambique Lat [-20, -24];UTM zone 36 Southern Hemisphere with Tete datum Mozambique Lat [-20, -24];F;UTM;36S;m;Tete Moz B;
UTM-36S-TeteC-MZ;UTM-36S-TeteC;UTM fus 36 hemisferi Sud amb dàtum Tete Moçambic Lat [-16, -20];UTM huso 36 hemisferio Sur con dátum Tete Mozambique Lat [-16, -20];UTM zone 36 Southern Hemisphere with Tete datum Mozambique Lat [-16, -20];F;UTM;36S;m;Tete Moz C;
UTM-36S-TeteD-MZ;UTM-36S-TeteD;UTM fus 36 hemisferi Sud amb dàtum Tete Moçambic Lat > -16;UTM huso 36 hemisferio Sur con dátum Tete Mozambique Lat > -16;UTM zone 36 Southern Hemisphere with Tete datum Mozambique Lat> -16;F;UTM;36S;m;Tete Moz D;
UTM-36S-WGS84;UTM-36S-WGS84;UTM fus 36 hemisferi Sud amb dàtum WGS84;UTM huso 36 hemisferio Sur con dátum WGS84;UTM zone 36 Southern Hemisphere with WGS84 datum;F;UTM;36S;m;WGS 1984;
UTM-26N-ETRS89;UTM-26N-ETRS89;UTM fus 26 hemisferi Nord amb dàtum ETRS89;UTM huso 26 hemisferio Norte con dátum ETRS89;UTM zone 26 Northern Hemisphere with ETRS89 datum;F;UTM;26N;m;ETRS89;
UTM-27N-ETRS89;UTM-27N-ETRS89;UTM fus 27 hemisferi Nord amb dàtum ETRS89;UTM huso 27 hemisferio Norte con dátum ETRS89;UTM zone 27 Northern Hemisphere with ETRS89 datum;F;UTM;27N;m;ETRS89;
UTM-27N-WGS84;UTM-27N-WGS84;UTM fus 27 hemisferi Nord amb dàtum WGS84;UTM huso 27 hemisferio Norte con dátum WGS84;UTM zone 27 Northern Hemisphere with WGS84 datum;F;UTM;27N;m;WGS 1984;
UTM-27N-S/IGN;UTM-27N-ED50;UTM fus 27 hemisferi Nord amb dàtum ED50 (paràmetres IGN Espanya);UTM huso 27 hemisferio Norte con dátum ED50 (parámetros IGN España);UTM zone 27 Northern Hemisphere with ED50 datum (IGN Spain parameters);F;UTM;27N;m;European 1950 S IGN;
UTM-28N-PicoDeLasNieves;UTM-28N-PicoDeLasNieves;UTM fus 28 hemisferi Nord amb dàtum Pico de las Nieves;UTM huso 28 hemisferio Norte con dátum Pico de las Nieves;UTM zone 28 Northern Hemisphere with Pico de las Nieves datum;F;UTM;28N;m;Pico de las Nieves;
UTM-28N-WGS84;UTM-28N-WGS84;UTM fus 28 hemisferi Nord amb dàtum WGS84;UTM huso 28 hemisferio Norte con dátum WGS84;UTM zone 28 Northern Hemisphere with WGS84 datum;F;UTM;28N;m;WGS 1984;
UTM-28N-ETRS89;UTM-28N-ETRS89;UTM fus 28 hemisferi Nord amb dàtum ETRS89;UTM huso 28 hemisferio Norte con dátum ETRS89;UTM zone 28 Northern Hemisphere with ETRS89 datum;F;UTM;28N;m;ETRS89;
UTM-28N-REGCAN95;UTM-28N-REGCAN95;UTM fus 28 hemisferi Nord amb dàtum REGCAN95;UTM huso 28 hemisferio Norte con dátum REGCAN95;UTM zone 28 Northern Hemisphere with REGCAN95 datum;F;UTM;28N;m;REGCAN95;
UTM-29N-S/IGN;UTM-29N-ED50;UTM fus 29 hemisferi Nord amb dàtum ED50 (paràmetres IGN Espanya);UTM huso 29 hemisferio Norte con dátum ED50 (parámetros IGN España);UTM zone 29 Northern Hemisphere with ED50 datum (IGN Spain parameters);F;UTM;29N;m;European 1950 S IGN;
UTM-29N-ED50-PS;UTM-29N-ED50;UTM fus 29 hemisferi Nord amb dàtum ED50 (paràmetres MADTRAN PS);UTM huso 29 hemisferio Norte con dátum ED50 (parámetros MADTRAN PS);UTM zone 29 Northern Hemisphere with ED50 datum (MADTRAN PS parameters);F;UTM;29N;m;European 1950 PS;
UTM-29N-ED50-ABDF;UTM-29N-ED50;"UTM fus 29 hemisferi Nord amb dàtum ED50 (paràmetres mitjana Àustria; Benelux; França; Escandinàvia; Europa medit.; Suïssa)";"UTM huso 29 hemisferio Norte con dátum ED50 (parámetros media Austria; Benelux; Francia; Escandinavia; Europa medit.; Suiza)";"UTM zone 29 Northern Hemisphere with ED50 datum (mean params. Austria; Benelux; France; Scandinavia; Medit. Europe; Switzer.)";F;UTM;29N;m;European 1950 ABDF;
UTM-29N-ETRS89;UTM-29N-ETRS89;UTM fus 29 hemisferi Nord amb dàtum ETRS89;UTM huso 29 hemisferio Norte con dátum ETRS89;UTM zone 29 Northern Hemisphere with ETRS89 datum;F;UTM;29N;m;ETRS89;
UTM-29N-WGS84;UTM-29N-WGS84;UTM fus 29 hemisferi Nord amb dàtum WGS84;UTM huso 29 hemisferio Norte con dátum WGS84;UTM zone 29 Northern Hemisphere with WGS84 datum;F;UTM;29N;m;WGS 1984;
UTM-30N-S/IGN;UTM-30N-ED50;UTM fus 30 hemisferi Nord amb dàtum ED50 (paràmetres IGN Espanya);UTM huso 30 hemisferio Norte con dátum ED50 (parámetros IGN España);UTM zone 30 Northern Hemisphere with ED50 datum (IGN Spain parameters);F;UTM;30N;m;European 1950 S IGN;
UTM-30N-PS;UTM-30N-ED50;UTM fus 30 hemisferi Nord amb dàtum ED50 (paràmetres MADTRAN Espanya/Portugal);UTM huso 30 hemisferio Norte con dátum ED50 (parámetros MADTRAN España/Portugal);UTM zone 30 Northern Hemisphere with ED50 datum (MADTRAN Spain/Portugal parameters);F;UTM;30N;m;European 1950 PS;
UTM-30N-IP;UTM-30N-ED50;UTM fus 30 hemisferi Nord amb dàtum ED50 (paràmetres EPSG Península Ibèrica);UTM huso 30 hemisferio Norte con dátum ED50 (parámetros EPSG Península Ibérica);UTM zone 30 Northern Hemisphere with ED50 datum (EPSG Iberian Peninsula parameters);F;UTM;30N;m;European 1950 IP;
UTM-30N-Balearic;UTM-30N-ED50;UTM fus 30 hemisferi Nord amb dàtum ED50 (paràmetres EPSG Illes Balears);UTM huso 30 hemisferio Norte con dátum ED50 (parámetros EPSG Islas Baleares);UTM zone 30 Northern Hemisphere with ED50 datum (EPSG Balearic Islands parameters);F;UTM;30N;m;European 1950 Balearic;
UTM-30N-NW_IP;UTM-30N-ED50;UTM fus 30 hemisferi Nord amb dàtum ED50 (paràmetres EPSG NW Península Ibèrica);UTM huso 30 hemisferio Norte con dátum ED50 (parámetros EPSG NW Península Ibérica);UTM zone 30 Northern Hemisphere with ED50 datum (EPSG NW Iberian Peninsula parameters);F;UTM;30N;m;European 1950 NW IP;
UTM-30N-ABDF;UTM-30N-ED50;"UTM fus 30 hemisferi Nord amb dàtum ED50 (paràmetres mitjana Àustria; Benelux; França; Escandinàvia; Europa medit.; Suïssa)";"UTM huso 30 hemisferio Norte con dátum ED50 (parámetros media Austria; Benelux; Francia; Escandinavia; Europa medit.; Suiza)";"UTM zone 30 Northern Hemisphere with ED50 datum (mean params. Austria; Benelux; France; Scandinavia; Medit. Europe; Switzer.)";F;UTM;30N;m;European 1950 ABDF;
UTM-30N-WGS84;UTM-30N-WGS84;UTM fus 30 hemisferi Nord amb dàtum WGS84;UTM huso 30 hemisferio Norte con dátum WGS84;UTM zone 30 Northern Hemisphere with WGS84 datum;F;UTM;30N;m;WGS 1984;
UTM-30N-ETRS89;UTM-30N-ETRS89;UTM fus 30 hemisferi Nord amb dàtum ETRS89;UTM huso 30 hemisferio Norte con dátum ETRS89;UTM zone 30 Northern Hemisphere with ETRS89 datum;F;UTM;30N;m;ETRS89;
UTM-31N-UB/ICC;UTM-31N-ED50;UTM fus 31 hemisferi Nord amb dàtum ED50 (paràmetres UB/ICC);UTM huso 31 hemisferio Norte con dátum ED50 (parámetros UB/ICC);UTM zone 31 Northern Hemisphere with ED50 datum (UB/ICC parameters);F;UTM;31N;m;European 1950 ICC;
UTM-31N-ABDF;UTM-31N-ED50;"UTM fus 31 hemisferi Nord amb dàtum ED50 (paràmetres mitjana Àustria; Benelux; França; Escandinàvia; Europa medit.; Suïssa)";"UTM huso 31 hemisferio Norte con dátum ED50 (parámetros media Austria; Benelux; Francia; Escandinavia; Europa medit.; Suiza)";"UTM zone 31 Northern Hemisphere with ED50 datum (mean params. Austria; Benelux; France; Scandinavia; Medit. Europe; Switzer.)";F;UTM;31N;m;European 1950 ABDF;
UTM-31N-ED79;UTM-31N-ED79;UTM fus 31 hemisferi Nord amb dàtum ED79;UTM huso 31 hemisferio Norte con dátum ED79;UTM zone 31 Northern Hemisphere with ED79 datum;F;UTM;31N;m;European 1979;
UTM-31N-WGS84;UTM-31N-WGS84;UTM fus 31 hemisferi Nord amb dàtum WGS84;UTM huso 31 hemisferio Norte con dátum WGS84;UTM zone 31 Northern Hemisphere with WGS84 datum;F;UTM;31N;m;WGS 1984;
UTM-31N-ETRS89;UTM-31N-ETRS89;UTM fus 31 hemisferi Nord amb dàtum ETRS89;UTM huso 31 hemisferio Norte con dátum ETRS89;UTM zone 31 Northern Hemisphere with ETRS89 datum;F;UTM;31N;m;ETRS89;
UTM-32N-ETRS89;UTM-32N-ETRS89;UTM fus 32 hemisferi Nord amb dàtum ETRS89;UTM huso 32 hemisferio Norte con dátum ETRS89;UTM zone 32 Northern Hemisphere with ETRS89 datum;F;UTM;32N;m;ETRS89;
UTM-32N-WGS84;UTM-32N-WGS84;UTM fus 32 hemisferi Nord amb dàtum WGS84;UTM huso 32 hemisferio Norte con dátum WGS84;UTM zone 32 Northern Hemisphere with WGS84 datum;F;UTM;32N;m;WGS 1984;
UTM-33N-ETRS89;UTM-33N-ETRS89;UTM fus 33 hemisferi Nord amb dàtum ETRS89;UTM huso 33 hemisferio Norte con dátum ETRS89;UTM zone 33 Northern Hemisphere with ETRS89 datum;F;UTM;33N;m;ETRS89;
UTM-33N-WGS84;UTM-33N-WGS84;UTM fus 33 hemisferi Nord amb dàtum WGS84;UTM huso 33 hemisferio Norte con dátum WGS84;UTM zone 33 Northern Hemisphere with WGS84 datum;F;UTM;33N;m;WGS 1984;
UTM-33S-Camacupa1980;UTM-33S-Camacupa1980;UTM fus 33 hemisferi Sud amb dàtum Camacupa Clarke 1880;UTM huso 33 hemisferio Sur con dátum Camacupa Clarke 1880;UTM zone 33 Southern Hemisphere with Camacupa Clarke 1880 datum;F;UTM;33S;m;Camacupa Clarke 1880;
UTM-33S-WGS84;UTM-33S-WGS84;UTM fus 33 hemisferi Sud amb dàtum WGS84;UTM huso 33 hemisferio Sur con dátum WGS84;UTM zone 33 Southern Hemisphere with WGS84 datum;F;UTM;33S;m;WGS 1984;
UTM-34N-ETRS89;UTM-34N-ETRS89;UTM fus 34 hemisferi Nord amb dàtum ETRS89;UTM huso 34 hemisferio Norte con dátum ETRS89;UTM zone 34 Northern Hemisphere with ETRS89 datum;F;UTM;34N;m;ETRS89;
UTM-34N-GGRS87;UTM-34N-GGRS87;UTM fus 34 hemisferi Nord amb dàtum GGRS87;UTM huso 34 hemisferio Norte con dátum GGRS87;UTM zone 34 Northern Hemisphere with GGRS87 datum;F;UTM;34N;m;GGRS87;
UTM-34N-WGS84;UTM-34N-WGS84;UTM fus 34 hemisferi Nord amb dàtum WGS84;UTM huso 34 hemisferio Norte con dátum WGS84;UTM zone 34 Northern Hemisphere with WGS84 datum;F;UTM;34N;m;WGS 1984;
UTM-35N-ETRS89;UTM-35N-ETRS89;UTM fus 35 hemisferi Nord amb dàtum ETRS89;UTM huso 35 hemisferio Norte con dátum ETRS89;UTM zone 35 Northern Hemisphere with ETRS89 datum;F;UTM;35N;m;ETRS89;
UTM-35N-GGRS87;UTM-35N-GGRS87;UTM fus 35 hemisferi Nord amb dàtum GGRS87;UTM huso 35 hemisferio Norte con dátum GGRS87;UTM zone 35 Northern Hemisphere with GGRS87 datum;F;UTM;35N;m;GGRS87;
UTM-35N-WGS84;UTM-35N-WGS84;UTM fus 35 hemisferi Nord amb dàtum WGS84;UTM huso 35 hemisferio Norte con dátum WGS84;UTM zone 35 Northern Hemisphere with WGS84 datum;F;UTM;35N;m;WGS 1984;
UTM-36N-ETRS89;UTM-36N-ETRS89;UTM fus 36 hemisferi Nord amb dàtum ETRS89;UTM huso 36 hemisferio Norte con dátum ETRS89;UTM zone 36 Northern Hemisphere with ETRS89 datum;F;UTM;36N;m;ETRS89;
UTM-36N-WGS84;UTM-36N-WGS84;UTM fus 36 hemisferi Nord amb dàtum WGS84;UTM huso 36 hemisferio Norte con dátum WGS84;UTM zone 36 Northern Hemisphere with WGS84 datum;F;UTM;36N;m;WGS 1984;
UTM-37N-WGS84;UTM-37N-WGS84;UTM fus 37 hemisferi Nord amb dàtum WGS84;UTM huso 37 hemisferio Norte con dátum WGS84;UTM zone 37 Northern Hemisphere with WGS84 datum;F;UTM;37N;m;WGS 1984;
UTM-37N-ETRS89;UTM-37N-ETRS89;UTM fus 37 hemisferi Nord amb dàtum ETRS89;UTM huso 37 hemisferio Norte con dátum ETRS89;UTM zone 37 Northern Hemisphere with ETRS89 datum;F;UTM;37N;m;ETRS89;
UTM-38N-ETRS89;UTM-38N-ETRS89;UTM fus 38 hemisferi Nord amb dàtum ETRS89;UTM huso 38 hemisferio Norte con dátum ETRS89;UTM zone 38 Northern Hemisphere with ETRS89 datum;F;UTM;38N;m;ETRS89;
UTM-39N-ETRS89;UTM-39N-ETRS89;UTM fus 39 hemisferi Nord amb dàtum ETRS89;UTM huso 39 hemisferio Norte con dátum ETRS89;UTM zone 39 Northern Hemisphere with ETRS89 datum;F;UTM;39N;m;ETRS89;
UTM-42N-WGS84;UTM-42N-WGS84;UTM fus 42 hemisferi Nord amb dàtum WGS84;UTM huso 42 hemisferio Norte con dátum WGS84;UTM zone 42 Northern Hemisphere with WGS84 datum;F;UTM;42N;m;WGS 1984;
UTM-43N-WGS84;UTM-43N-WGS84;UTM fus 43 hemisferi Nord amb dàtum WGS84;UTM huso 43 hemisferio Norte con dátum WGS84;UTM zone 43 Northern Hemisphere with WGS84 datum;F;UTM;43N;m;WGS 1984;
UTM-44N-WGS84;UTM-44N-WGS84;UTM fus 44 hemisferi Nord amb dàtum WGS84;UTM huso 44 hemisferio Norte con dátum WGS84;UTM zone 44 Northern Hemisphere with WGS84 datum;F;UTM;44N;m;WGS 1984;
UTM-47N-WGS84;UTM-47N-WGS84;UTM fus 47 hemisferi Nord amb dàtum WGS84;UTM huso 47 hemisferio Norte con dátum WGS84;UTM zone 47 Northern Hemisphere with WGS84 datum;F;UTM;47N;m;WGS 1984;
UTM-59N-WGS84;UTM-59N-WGS84;UTM fus 59 hemisferi Nord amb dàtum WGS84;UTM huso 59 hemisferio Norte con dátum WGS84;UTM zone 59 Northern Hemisphere with WGS84 datum;F;UTM;59N;m;WGS 1984;
UTM-59S-WGS84;UTM-59S-WGS84;UTM fus 59 hemisferi Sud amb dàtum WGS84;UTM huso 59 hemisferio Sur con dátum WGS84;UTM zone 59 Southern Hemisphere with WGS84 datum;F;UTM;59S;m;WGS 1984;
UTM-ZoneHemiAuto-PS;UTM-ZoneHemiAuto-PS;UTM automàtic amb dàtum ED50 (MADTRAN) (només projecció de destí);UTM automático con dátum ED50 (MADTRAN) (sólo proyección de destino);Automatic UTM with ED50 datum (MADTRAN) (target projection only);T;UTM;ZONE_HEMI_AUTO;m;European 1950 PS;
lat/long-WGS84;lat/long-WGS84;Longitud-latitud amb dàtum WGS84;Longitud-latitud con dátum WGS84;Longitude-latitude with WGS84 datum;F;lat/long;;deg;WGS 1984;
lat/long-CH1903;lat/long-CH1903;Longitud-latitud amb dàtum CH1903;Longitud-latitud con dátum CH1903;Longitude-latitude with CH1903 datum;F;lat/long;;deg;CH1903;
lat/long-ED50-UB/ICC;lat/long-ED50;Longitud-latitud amb dàtum ED50 (paràmetres UB/ICC);Longitud-latitud con dátum ED50 (parámetros UB/ICC);Longitude-latitude with ED50 datum (UB/ICC parameters);F;lat/long;;deg;European 1950 ICC;
lat/long-ED50-PS;lat/long-ED50;Longitud-latitud amb dàtum ED50 (paràmetres MADTRAN PS);Longitud-latitud con dátum ED50 (parámetros MADTRAN PS);Longitude-latitude with ED50 datum (MADTRAN PS parameters);F;lat/long;;deg;European 1950 PS;
lat/long-ED50-ABDF;lat/long-ED50;"Longitud-latitud amb dàtum ED50 (paràmetres mitjana Àustria; Benelux; França; Escandinàvia; Europa medit.; Suïssa)";"Longitud-latitud con dátum ED50 (parámetros media Austria; Benelux; Francia; Escandinavia; Europa medit.; Suiza)";"Longitude-latitude with ED50 datum (mean params. Austria; Benelux; France; Scandinavia; Medit. Europe; Switzer.)";F;lat/long;;deg;European 1950 ABDF;
lat/long-ED50-S/IGN;lat/long-ED50;Longitud-latitud amb dàtum ED50 (paràmetres IGN Espanya);Longitud-latitud con dátum ED50 (parámetros IGN España);Longitude-latitude with ED50 datum (IGN Spain parameters);F;lat/long;;deg;European 1950 S IGN;
lat/long-ETRS89;lat/long-ETRS89;Longitud-latitud amb dàtum ETRS89;Longitud-latitud con dátum ETRS89;Longitude-latitude with ETRS89 datum;F;lat/long;;deg;ETRS89;
lat/long-REGCAN95;lat/long-REGCAN95;Longitud-latitud amb dàtum REGCAN95;Longitud-latitud con dátum REGCAN95;Longitude-latitude with REGCAN95 datum;F;lat/long;;deg;REGCAN95;
lat/long-NTF;lat/long-NTF;Longitud-latitud amb dàtum NTF;Longitud-latitud con dátum NTF;Longitude-latitude with NTF datum;F;lat/long;;deg;NTF;
lat/long-Madrid1870;lat/long-Madrid1870;Longitud-latitud amb dàtum Madrid 1870;Longitud-latitud con dátum Madrid 1870;Longitude-latitude with Madrid datum 1870;F;lat/long;;deg;Madrid 1870;
lat/long-Lisboa1937;lat/long-Lisboa1937;Longitud-latitud amb dàtum Lisboa 1937;Longitud-latitud con dátum Lisboa 1937;Longitude-latitude with Lisbon datum 1937;F;lat/long;;deg;Lisboa 1937;
lat/long-Lisboa;lat/long-Lisboa;Longitud-latitud amb dàtum Lisboa;Longitud-latitud con dátum Lisboa;Longitude-latitude with Lisbon datum;F;lat/long;;deg;Lisboa;
lat/long-PosGAR98;lat/long-PosGAR98;Longitud-latitud amb dàtum PosGAR98;Longitud-latitud con dátum PosGAR98;Longitude-latitude with PosGAR98 datum;F;lat/long;;deg;PosGAR 1998;
lat/long-SAD69-CH;lat/long-SAD69;Longitud-latitud amb dàtum Amèrica del Sud 1969 (paràmetres MADTRAN Xile);Longitud-latitud con dátum América del Sur 1969 (parámetros MADTRAN Chile);Longitude-latitude with South American datum 1969 (MADTRAN Chile parameters);F;lat/long;;deg;South American 1969 CH;
lat/long-Tete-MZ;lat/long-Tete;Longitud-latitud amb dàtum Tete Moçambic;Longitud-latitud con dátum Tete Mozambique;Longitude-latitude with Tete datum Mozambique;F;lat/long;;deg;Tete Moz;
lat/long-Merchich;lat/long-Merchich;Longitud-latitud amb dàtum Merchich Marroc;Longitud-latitud con dátum Merchich Marruecos;Longitude-latitude with Merchich datum Morocco;F;lat/long;;deg;Merchich;
lat/long-Sweden-RT90;lat/long-Sweden-RT90;Longitud-latitud amb dàtum Rikets koordinatsystem 1990;Longitud-latitud con dátum Rikets koordinatsystem 1990;Longitude-latitude with Rikets datum coordinatesystem 1990;F;lat/long;;deg;Rikets koordinatsystem 1990;
lat/long-KKJ Finland;lat/long-KKJ Finland;Longitud-latitud amb dàtum KKJ Finlàndia;Longitud-latitud con dátum KKJ Finlandia;Longitude-latitude with KKJ Finland datum;F;lat/long;;deg;KKJ Finland;
lat/long-NAD27-BC;lat/long-NAD27;Longitud-latitud amb dàtum Amèrica del Nord 1927 BC;Longitud-latitud con dátum América del Norte 1927 BC;Longitude-latitude with North American datum 1927 BC;F;lat/long;;deg;North American 1927 BC;
lat/long-NAD83-AA;lat/long-NAD83;Longitud-latitud amb dàtum Amèrica del Nord 1983 AA Alaska;Longitud-latitud con dátum América del Norte 1983 AA Alaska;Longitude-latitude with North American datum 1983 AA Alaska;F;lat/long;;deg;North American 1983 AA;
lat/long-Bogota;lat/long-Bogota;Longitud-latitud amb dàtum Bogotà;Longitud-latitud con dátum Bogotá;Longitude-latitude with Bogota datum;F;lat/long;;deg;Bogota Observatory;
lat/long-MAGNA;lat/long-MAGNA;Longitud-latitud amb dàtum SIRGAS i marc de referència MAGNA;Longitud-latitud con dátum SIRGAS y marco referencia MAGNA;Longitude-latitude with SIRGAS datum and MAGNA reference frame;F;lat/long;;deg;SIRGAS;
lat/long-Ireland1965;lat/long-Ireland1965;Longitud-latitud amb dàtum Irlanda 1965;Longitud-latitud con dátum Irlanda 1965;Longitude-latitude with Ireland datum 1965;F;lat/long;;deg;Ireland 1965;
lat/long-QND;lat/long-QND;Longitud-latitud amb dàtum QND;Longitud-latitud con dátum QND;Longitude-latitude with QND datum;F;lat/long;;deg;Qatar National;
Albers_Equal_Area_Conic-Africa;Albers_Equal_Area_Conic-Africa;Cònica Equivalent d'Albers Àfrica (model esfèric);Cónica Equivalente de Albers África (modelo esférico);Albers Equal-Area Conic Africa (spherical model);F;Albers_Equal_Area_Conic;Africa;m;North American 1927 CO;Normal Sphere
Albers_Equal_Area_Conic-Ukraine;Albers_Equal_Area_Conic-Ukraine;Cònica Equivalent d'Albers Ucraïna (model esfèric);Cónica Equivalente de Albers Ucrania (modelo esférico);Albers Equal-Area Conic Ukraine (spherical model);F;Albers_Equal_Area_Conic;Ukraine;m;WGS 1984;Normal Sphere
Albers_Equal_Area_Conic-California_Esf;Albers_Equal_Area_Conic-California_Esf;Cònica Equivalent d'Albers Califòrnia (model esfèric);Cónica Equivalente de Albers California (modelo esférico);Albers Equal-Area Conic California (spherical model);F;Albers_Equal_Area_Conic;California;m;North American 1983 CO;Normal Sphere
Albers_Equal_Area-Asia_North-WGS84;Albers_Equal_Area_Conic-Asia_North-WGS84;"Cònica Equivalent d'Albers Àsia Nord, centre 95E,35N; paral·lels estàndard 15N,65N; dàtum WGS84 (model el·lipsoïdal)";"Cónica Equivalente de Albers Asia Norte, centro 95E,35N; paralelos estándar 15N,65N; dátum WGS84 (modelo elipsoidal)";"Albers Equal-Area Conic North Asia, center 95E,35N; standard parallels 15N,65N; WGS84 datum (ellipsoidal model)";F;Albers_Equal_Area_Conic;N_Asia;m;WGS 1984;
Albers_Equal_Area-Africa-WGS84;Albers_Equal_Area_Conic-Africa-WGS84;"Cònica Equivalent d'Albers Àfrica, centre 25E,0N; paral·lels estàndard 20N,23S; dàtum WGS84 (model el·lipsoïdal)";"Cónica Equivalente de Albers África, centro 25E,0N; paralelos estándar 20N,23S; dátum WGS84 (modelo elipsoidal)";"Albers Equal-Area Conic Africa, center 25E,0N; standard parallels 20N,23S; WGS84 datum (ellipsoidal model)";F;Albers_Equal_Area_Conic;Africa_25E_0N;m;WGS 1984;
Albers_Equal_Area-S_America-WGS84;Albers_Equal_Area-S_America-WGS84;"Cònica Equivalent d'Albers Amèrica del Sud, centre 50W,25S; paral·lels estàndard 10N,40S; dàtum WGS84 (model el·lipsoïdal)";"Cónica Equivalente de Albers América del Sur, centro 50W,25S; paralelos estándar 10N,40S; dátum WGS84 (modelo elipsoidal)";"Albers Equal-Area Conic South America, center 50W,25S; standard parallels 10N,40S; WGS84; datum (ellipsoidal model)";F;Albers_Equal_Area_Conic;SAmerica_50W_25S;m;WGS 1984;
Albers_Equal_Area-N_America-NAD83;Albers_Equal_Area-N_America-NAD83;"Cònica Equivalent d'Albers Amèrica del Nord, centre 96W,23N; paral·lels estàndard 29.5N,45.5N; dàtum NAD83 (model el·lipsoïdal)";"Cónica Equivalente de Albers América del Norte, centro 96W,23N; paralelos estándar 29.5N,45.5N; dátum NAD83 (modelo elipsoidal)";"Albers Equal-Area Conic North America, center 96W,23N; standard parallels  29.5N,45.5N; WGS84 datum (ellipsoidal model)";F;Albers_Equal_Area_Conic;NAmerica_96W_23N;m;North American 1983 CO;
Azimuthal_Equidistant-0-90-WGS84;Azimuthal_Equidistant-0-90-WGS84;Azimutal Equidistant centrada al Pol Nord amb dàtum WGS84 (model esfèric);Azimutal Equidistante centrada en el Polo Norte con dátum WGS84 (model esférico);Azimuthal Equidistant centered at the North Pole with WGS84 datum (spherical model);F;Azimuthal_Equidistant;long0_lat_90N;m;WGS 1984;Normal Sphere
Azimuthal_Equidistant-24-53-WGS84;Azimuthal_Equidistant-24-53-WGS84;Azimutal Equidistant centrada al meridià 24 i al paral·lel 53 amb dàtum WGS84 (model esfèric);Azimutal Equidistante centrada en el meridiano 24 y en el paralelo 53 con dátum WGS84 (model esférico);Azimuthal Equidistant centered at meridian 24 and parallel 53 with WGS84 datum (spherical model);F;Azimuthal_Equidistant;long24_lat_53N;m;WGS 1984;Normal Sphere
LambertAzimEqualA-0-90-WGS84-Ellipsoide;LambertAzimEqualA-0-90-WGS84-Ellipsoide;Azimutal Equivalent de Lambert amb origen al Pol Nord amb dàtum WGS84 (model el·lipsoïdal);Azimutal Equivalente de Lambert con origen en el Polo Norte con dátum WGS84 (modelo elipsoidal);Lambert Azimuthal Equal-Area centered at the North Pole with WGS84 datum (ellipsoidal model);F;Lambert_Azimuthal_Equal_Area;long0_lat_90N;m;WGS 1984;
Lambert_Azimuthal_Equal_Area-1052-ETRS89;Lambert_Azimuthal_Equal_Area-1052-ETRS89;Azimutal Equivalent de Lambert amb origen 10E i 52N amb dàtum ETRS89 (model el·lipsoïdal);Azimutal Equivalente de Lambert con origen 10E y 52N con dátum ETRS89 (modelo elipsoidal);Lambert Azimuthal Equal-Area centered at 10E and 52N with ETRS89 datum (ellipsoidal model);F;Lambert_Azimuthal_Equal_Area;long10_lat_52N;m;ETRS89;
Lambert_Azimuthal_Equal_Area-9-48-ETRS89;Lambert_Azimuthal_Equal_Area-9-48-ETRS89;Azimutal Equivalent de Lambert amb origen 9E i 48N amb dàtum ETRS89 (model el·lipsoïdal);Azimutal Equivalente de Lambert con origen 9E y 48N con dátum ETRS89 (modelo elipsoidal);Lambert Azimuthal Equal-Area centered at 9E and 48N with ETRS89 datum (ellipsoidal model);F;Lambert_Azimuthal_Equal_Area;long9_lat_48N;m;ETRS89;
LambertAzimEqualA-0-90-WGS84-Esfera;Lambert_Azimuthal_Equal_Area-0-90-WGS84-Esfera;Azimutal Equivalent de Lambert amb origen al Pol Nord amb dàtum WGS84 (model esfèric);Azimutal Equivalente de Lambert con origen en el Polo Norte con dátum WGS84 (modelo esférico);Lambert Azimuthal Equal-Area centered at the North Pole origin with WGS84 datum (spherical model);F;Lambert_Azimuthal_Equal_Area;long0_lat_90N;m;WGS 1984;Normal Sphere
LambertAzimEqualA-1052-ETRS89-Esfera;Lambert_Azimuthal_Equal_Area-1052-ETRS89-Esfera;Azimutal Equivalent de Lambert amb origen 10E i 52N amb dàtum ETRS89 (model esfèric);Azimutal Equivalente de Lambert con origen 10E y 52N con dátum ETRS89 (modelo esférico);Lambert Azimuthal Equal-Area centered at 10E and 52N with ETRS89 datum (spherical model);F;Lambert_Azimuthal_Equal_Area;long10_lat_52N;m;ETRS89;Normal Sphere
LambertAzimEqualA-9-48-ETRS89-Esfera;Lambert_Azimuthal_Equal_Area-9-48-ETRS89-Esfera;Azimutal Equivalent de Lambert amb origen 9E i 48N amb dàtum ETRS89 (model esfèric);Azimutal Equivalente de Lambert con origen 9E y 48N con dátum ETRS89 (modelo esférico);Lambert Azimuthal Equal-Area centered at 9E and 48N with ETRS89 datum (spherical model);F;Lambert_Azimuthal_Equal_Area;long9_lat_48N;m;ETRS89;International 1924 - Esfera radi major
Cylindrical_Equal_Area-15-0-WGS84;Cylindrical_Equal_Area-15-0-WGS84;Cilíndrica Equivalent amb origen a 15E i 0N amb dàtum WGS84;Cilíndrica Equivalente con origen a 15E y 0N con dátum WGS84;Cylindrical Equal-Area centered at 15E and 0N with WGS84 datum;F;Cylindrical_Equal_Area;long15_lat_0;m;WGS 1984;
Lambert_Conformal_Conic-ZoneI-NTF;Lambert_Conformal_Conic-ZoneI-NTF;Cònica Conforme de Lambert per a la zona I per al nord de França amb dàtum NTF;Cónica Conforme de Lambert para la zona I para el norte de Francia con dátum NTF;Lambert Conformal Conic for zone I in northern France with NTF datum;F;Lambert_Conformal_Conic;ZoneI;m;NTF;
Lambert_Conformal_Conic-ZoneII-NTF;Lambert_Conformal_Conic-ZoneII-NTF;Cònica Conforme de Lambert per a la zona II per al centre de França amb dàtum NTF;Cónica Conforme de Lambert para la zona II para el centro de Francia con dátum NTF;Lambert Conformal Conic for zone II in central France with NTF datum;F;Lambert_Conformal_Conic;ZoneII;m;NTF;
Lambert_Conformal_Conic-ZoneIII-NTF;Lambert_Conformal_Conic-ZoneIII-NTF;Cònica Conforme de Lambert per a la zona III per al sud de França i per a Andorra amb dàtum NTF;Cónica Conforme de Lambert para la zona III para el sur de Francia y para Andorra con dátum NTF;Lambert Conformal Conic for zone III in southern France and in Andorra with NTF datum;F;Lambert_Conformal_Conic;ZoneIII;m;NTF;
Lambert_Conformal_Conic-ZoneIII_ext-NTF;Lambert_Conformal_Conic-ZoneIII_ext-NTF;Cònica Conforme de Lambert per a la nova zona III per al sud de França i per a Andorra amb dàtum NTF;Cónica Conforme de Lambert para la nueva zona III para el sur de Francia y para Andorra con dátum NTF;Lambert Conformal Conic for the new zone III in southern France and in Andorra with NTF datum;F;Lambert_Conformal_Conic;ZoneIIIext;m;NTF;
Lambert_Conformal_Conic-ZoneII_ext-NTF;Lambert_Conformal_Conic-ZoneII_ext-NTF;Cònica Conforme de Lambert per a la nova zona II estesa per a tot França amb dàtum NTF;Cónica Conforme de Lambert para la nueva zona II extendida para toda Francia con dátum NTF;Lambert Conformal Conic for the new zone II extended to all France with NTF datum;F;Lambert_Conformal_Conic;ZoneIIext;m;NTF;
Lambert_Conformal_Conic-AND01;Lambert_Conformal_Conic-AND01;Cònica Conforme de Lambert per a Andorra amb dàtum AND01;Cónica Conforme de Lambert para Andorra con dátum AND01;Lambert Conformal Conic for Andorra with datum AND01;F;Lambert_Conformal_Conic;ZoneIII;m;Andorra AND01;
Lambert_Conformal_Conic_ICC_Mediterrani;Lambert_Conformal_Conic_ICC_Mediterrani;Cònica Conforme de Lambert per a la Regió Mediterrània (ICC);Cónica Conforme de Lambert para la Región Mediterránea (ICC);Lambert Conformal Conic for the Mediterranean Region (ICC);F;Lambert_Conformal_Conic;ICC_Mediterrani;m;WGS 1984;
Lambert_Conformal_Conic-Madrid1870;Lambert_Conformal_Conic-Madrid1870;Cònica Conforme de Lambert amb dàtum Madrid 1870;Cónica Conforme de Lambert con dátum Madrid 1870;Lambert Conformal Conic with datum Madrid 1870;F;Lambert_Conformal_Conic;Madrid_1870;m;Madrid 1870;
Lambert_Conformal_Conic-Maroc_N-Merchich;Lambert_Conformal_Conic-Maroc_N-Merchich;Cònica Conforme de Lambert per al nord del Marroc amb dàtum Merchich;Cónica Conforme de Lambert para el norte de Marruecos con dátum Merchich;Lambert Conformal Conic to northern Morocco with datum Merchich;F;Lambert_Conformal_Conic;Maroc_N;m;Merchich;
Lambert_Conformal_Conic-Europa-ETRS89;Lambert_Conformal_Conic-Europa-ETRS89;Cònica Conforme de Lambert per a Europa amb dàtum ETRS89;Cónica Conforme de Lambert para Europa con dátum ETRS89;Lambert Conformal Conic for Europe with ETRS89 datum;F;Lambert_Conformal_Conic;Europa_ETRS;m;ETRS89;
Lambert_Conformal_Conic-França-ETRS89;Lambert_Conformal_Conic-França-ETRS89;Cònica Conforme de Lambert per a França amb dàtum ETRS89;Cónica Conforme de Lambert para Francia con dátum ETRS89;Lambert Conformal Conic for France with ETRS89 datum;F;Lambert_Conformal_Conic;long_3_lat_46_5;m;ETRS89;
Goode_Homolosine-WGS84;Goode_Homolosine-WGS84;Homolosina de Goode amb dàtum WGS84 (model esfèric);Homolosina de Goode con dátum WGS84 (model esférico);Goode Homolosine with WGS84 datum (spherical model);F;Goode_Homolosine;;m;WGS 1984;Normal Sphere
Mercator-Equator-ED50-UB/ICC;Mercator-Equator-ED50;Mercator amb paral·lel a l'Equador amb dàtum ED50 (paràmetres UB/ICC);Mercator con paralelo en el Ecuador con dátum ED50 (parámetros UB/ICC);Mercator with parallel at the Equator with ED50 datum (UB/ICC parameters);F;Mercator;long_0_lat_0;m;European 1950 ICC;
Mercator-Equator-WGS84;Mercator-Equator-WGS84;Mercator amb paral·lel a l'Equador amb dàtum WGS84;Mercator con paralelo en el Ecuador con dátum WGS84;Mercator with parallel at the Equator with WGS84 datum;F;Mercator;long_0_lat_0;m;WGS 1984;
Mercator-Equator-ETRS89;Mercator-Equator-ETRS89;Mercator amb paral·lel a l'Equador amb dàtum ETRS89;Mercator con paralelo en el Ecuador con dátum ETRS89;Mercator with parallel at the Equator with ETRS89 datum;F;Mercator;long_0_lat_0;m;ETRS89;
Mercator-Equator-Normal_Sphere-WGS84;Mercator-Equator-Normal_Sphere-WGS84;Mercator amb paral·lel a l'Equador amb dàtum WGS84 però el·lipsoide normal (model esfèric);Mercator con paralelo en el Ecuador con dátum WGS84 pero elipsoide normal (model esférico);Mercator with parallel at the Equator with WGS84 datum but normal ellipsoid in spherical model;F;Mercator;long_0_lat_0;m;WGS 1984;Normal Sphere
Mercator-Popular-Visualisation-Sphere;Mercator-Popular-Visualisation-Sphere;Mercator Web (paral·lel a l'Equador) amb dàtum WGS84 (model esfèric);Mercator Web (paralelo al ecuador) con dátum WGS84 (model esférico);Mercator Web (parallel at the Equator) with WGS84 datum in spherical model;F;Mercator;long_0_lat_0;m;WGS 1984;Popular Visualisation Sphere
Mercator-IHM-485-60k-ED50-UB/ICC;Mercator-IHM-485-60k-ED50;Mercator amb paral·lel a 40.60 (IHM-485-60k) amb dàtum ED50 (paràmetres UB/ICC);Mercator con paralelo a 40.60 (IHM-485-60k) con dátum ED50 (parámetros UB/ICC);Mercator with parallel at 40.60 (IHM-485-60k) with ED50 datum (UB/ICC parameters);F;Mercator;long_0_lat_40_60;m;European 1950 ICC;
Mercator-IHM-486-60k-ED50-UB/ICC;Mercator-IHM-486-60k-ED50;Mercator amb paral·lel a 41.00 (IHM-486-60k) amb dàtum ED50 (paràmetres UB/ICC);Mercator con paralelo a 41.00 (IHM-486-60k) con dátum ED50 (parámetros UB/ICC);Mercator with parallel at 41.00 (IHM-486-60k) with datum ED50 (UB/ICC parameters);F;Mercator;long_0_lat_41_00;m;European 1950 ICC;
Mercator-IHM-487-50k-ED50-UB/ICC;Mercator-IHM-487-50k-ED50;Mercator amb paral·lel a 41.10 (IHM-487-50k) amb dàtum ED50 (paràmetres UB/ICC);Mercator con paralelo a 41.10 (IHM-487-50k) con dátum ED50 (parámetros UB/ICC);Mercator with parallel at 41.10 (IHM-487-50k) with ED50 datum (UB/ICC parameters);F;Mercator;long_0_lat_41_10;m;European 1950 ICC;
Mercator-IHM-488-50k-ED50-UB/ICC;Mercator-IHM-488-50k-ED50;Mercator amb paral·lel a 41.20 (IHM-488-50k) amb dàtum ED50 (paràmetres UB/ICC);Mercator con paralelo a 41.20 (IHM-488-50k) con dátum ED50 (parámetros UB/ICC);Mercator with parallel at 41.20 (IHM-488-50k) with ED50 datum (UB/ICC parameters);F;Mercator;long_0_lat_41_20;m;European 1950 ICC;
Mercator-IHM-489-50k-ED50-UB/ICC;Mercator-IHM-489-50k-ED50;Mercator amb paral·lel a 41.42 (IHM-489-50k) amb dàtum ED50 (paràmetres UB/ICC);Mercator con paralelo a 41.42 (IHM-489-50k) con dátum ED50 (parámetros UB/ICC);Mercator with parallel at 41.42 (IHM-489-50k) with ED50 datum (UB/ICC parameters);F;Mercator;long_0_lat_41_42;m;European 1950 ICC;
Mercator-IHM-489-50k-WGS84;Mercator-IHM-489-50k-WGS84;Mercator amb paral·lel a 41.42 (IHM-489-50k) amb dàtum WGS84;Mercator con paralelo a 41.42 (IHM-489-50k) con dátum WGS84;Mercator with parallel at 41.42 (IHM-489-50k) with WGS84 datum;F;Mercator;long_0_lat_41_42;m;WGS 1984;
Mercator-IHM-491-50k-ED50-UB/ICC;Mercator-IHM-491-50k-ED50;Mercator amb paral·lel a 41.67 (IHM-491-50k) amb dàtum ED50 (paràmetres UB/ICC);Mercator con paralelo a 41.67 (IHM-491-50k) con dátum ED50 (parámetros UB/ICC);Mercator with parallel at 41.67 (IHM-491-50k) with ED50 datum (UB/ICC parameters);F;Mercator;long_0_lat_41_67;m;European 1950 ICC;
Mercator-IHM-492-50k-ED50-UB/ICC;Mercator-IHM-492-50k-ED50;Mercator amb paral·lel a 41.83 (IHM-492-50k) amb dàtum ED50 (paràmetres UB/ICC);Mercator con paralelo a 41.83 (IHM-492-50k) con dátum ED50 (parámetros UB/ICC);Mercator with parallel at 41.83 (IHM-492-50k) with ED50 datum (UB/ICC parameters);F;Mercator;long_0_lat_41_83;m;European 1950 ICC;
Mercator-IHM-493-50k-ED50-UB/ICC;Mercator-IHM-493-50k-ED50;Mercator amb paral·lel a 42.25 (IHM-493-50k) amb dàtum ED50 (paràmetres UB/ICC);Mercator con paralelo a 42.25 (IHM-493-50k) con dátum ED50 (parámetros UB/ICC);Mercator with parallel at 42.25 (IHM-493-50k) with ED50 datum (UB/ICC parameters);F;Mercator;long_0_lat_42_25;m;European 1950 ICC;
Mercator-IHM-485-60k-ETRS89;Mercator-IHM-485-60k-ETRS89;Mercator amb paral·lel a 40.60 (IHM-485-60k) amb dàtum ETRS89;Mercator con paralelo a 40.60 (IHM-485-60k) con dátum ETRS89;Mercator with parallel at 40.60 (IHM-485-60k) with ETRS89 datum;F;Mercator;long_0_lat_40_60;m;ETRS89;
Mercator-IHM-486-60k-ETRS89;Mercator-IHM-486-60k-ETRS89;Mercator amb paral·lel a 41.00 (IHM-486-60k) amb dàtum ETRS89;Mercator con paralelo a 41.00 (IHM-486-60k) con dátum ETRS89;Mercator with parallel at 41.00 (IHM-486-60k) with ETRS89 datum;F;Mercator;long_0_lat_41_00;m;ETRS89;
Mercator-IHM-487-50k-ETRS89;Mercator-IHM-487-50k-ETRS89;Mercator amb paral·lel a 41.10 (IHM-487-50k) amb dàtum ETRS89;Mercator con paralelo a 41.10 (IHM-487-50k) con dátum ETRS89;Mercator with parallel at 41.10 (IHM-487-50k) with ETRS89 datum;F;Mercator;long_0_lat_41_10;m;ETRS89;
Mercator-IHM-488-50k-ETRS89;Mercator-IHM-488-50k-ETRS89;Mercator amb paral·lel a 41.20 (IHM-488-50k) amb dàtum ETRS89;Mercator con paralelo a 41.20 (IHM-488-50k) con dátum ETRS89;Mercator with parallel at 41.20 (IHM-488-50k) with ETRS89 datum;F;Mercator;long_0_lat_41_20;m;ETRS89;
Mercator-IHM-489-50k-ETRS89;Mercator-IHM-489-50k-ETRS89;Mercator amb paral·lel a 41.42 (IHM-489-50k) amb dàtum ETRS89;Mercator con paralelo a 41.42 (IHM-489-50k) con dátum ETRS89;Mercator with parallel at 41.42 (IHM-489-50k) with ETRS89 datum;F;Mercator;long_0_lat_41_42;m;ETRS89;
Mercator-IHM-491-50k-ETRS89;Mercator-IHM-491-50k-ETRS89;Mercator amb paral·lel a 41.67 (IHM-491-50k) amb dàtum ETRS89;Mercator con paralelo a 41.67 (IHM-491-50k) con dátum ETRS89;Mercator with parallel at 41.67 (IHM-491-50k) with ETRS89 datum;F;Mercator;long_0_lat_41_67;m;ETRS89;
Mercator-IHM-492-50k-ETRS89;Mercator-IHM-492-50k-ETRS89;Mercator amb paral·lel a 41.83 (IHM-492-50k) amb dàtum ETRS89;Mercator con paralelo a 41.83 (IHM-492-50k) con dátum ETRS89;Mercator with parallel at 41.83 (IHM-492-50k) with ETRS89 datum;F;Mercator;long_0_lat_41_83;m;ETRS89;
Mercator-IHM-493-50k-ETRS89;Mercator-IHM-493-50k-ETRS89;Mercator amb paral·lel a 42.25 (IHM-493-50k) amb dàtum ETRS89;Mercator con paralelo a 42.25 (IHM-493-50k) con dátum ETRS89;Mercator with parallel at 42.25 (IHM-493-50k) with ETRS89 datum;F;Mercator;long_0_lat_42_25;m;ETRS89;
Sinusoidal-V5-MODIS;Sinusoidal-V5-MODIS;Sinusoïdal global usada per a productes MODIS (model esfèric);Sinusoidal global usada para productos MODIS (modelo esférico);Global Sinusoidal used for MODIS products (spherical model);F;Sinusoidal;long_0;m;WGS 1984;MODIS_v5_Sphere
Sinusoidal-WGS84;Sinusoidal-WGS84;Sinusoïdal amb dàtum WGS84 (model esfèric);Sinusoidal con dátum WGS84 (model esférico);Sinusoidal with WGS84 datum (spherical model);F;Sinusoidal;long_0;m;WGS 1984;Normal Sphere
Cilindrical_Equidistant-WGS84;Cilindrical_Equidistant-WGS84;Cilíndrica equidistant amb dàtum WGS84 (model esfèric);Cilíndrica equidistante con dátum WGS84 (model esférico);Equidistant Cylindrical with WGS84 datum (Spherical Model);F;Cylindrical_Equidistant;long_0;m;WGS 1984;Normal Sphere
lat/long-Normal_Sphere-ED50-UB/ICC;lat/long-Normal_Sphere-ED50;Longitud-latitud amb dàtum ED50 (model esfèric, paràmetres UB/ICC);Longitud-latitud con dátum ED50 (modelo esférico, parámetros UB/ICC);Longitude-latitude with ED50 datum (spherical model, UB/ICC parameters);F;lat/long;;deg;European 1950 ICC;Normal Sphere
Gauss-Kruger_Faja1-PosGAR98;Gauss-Kruger_Faja1-PosGAR98;Gauss-Krüger per a la Faixa 1 de l'Argentina amb dàtum PosGAR98;Gauss-Krüger para la Faja 1 de Argentina con dátum PosGAR98;Gauss-Krüger for zone 1 in Argentina with PosGAR98 datum;F;Transverse_Mercator;Gauss-Kruger_Argentina_1;m;PosGAR 1998;
Gauss-Kruger_Faja2-PosGAR98;Gauss-Kruger_Faja2-PosGAR98;Gauss-Krüger per a la Faixa 2 de l'Argentina amb dàtum PosGAR98;Gauss-Krüger para la Faja 2 de Argentina con dátum PosGAR98;Gauss-Krüger for zone 2 in Argentina with PosGAR98 datum;F;Transverse_Mercator;Gauss-Kruger_Argentina_2;m;PosGAR 1998;
Gauss-Kruger_Faja3-PosGAR98;Gauss-Kruger_Faja3-PosGAR98;Gauss-Krüger per a la Faixa 3 de l'Argentina amb dàtum PosGAR98;Gauss-Krüger para la Faja 3 de Argentina con dátum PosGAR98;Gauss-Krüger for zone 3 in Argentina with datum PosGAR98;F;Transverse_Mercator;Gauss-Kruger_Argentina_3;m;PosGAR 1998;
Gauss-Kruger_Faja4-PosGAR98;Gauss-Kruger_Faja4-PosGAR98;Gauss-Krüger per a la Faixa 4 de l'Argentina amb dàtum PosGAR98;Gauss-Krüger para la Faja 4 de Argentina con dátum PosGAR98;Gauss-Krüger for zone 4 in Argentina with PosGAR98 datum;F;Transverse_Mercator;Gauss-Kruger_Argentina_4;m;PosGAR 1998;
Gauss-Kruger_Faja5-PosGAR98;Gauss-Kruger_Faja5-PosGAR98;Gauss-Krüger per a la Faixa 5 de l'Argentina amb dàtum PosGAR98;Gauss-Krüger para la Faja 5 de Argentina con dátum PosGAR98;Gauss-Krüger for zone 5 in Argentina with PosGAR98 datum;F;Transverse_Mercator;Gauss-Kruger_Argentina_5;m;PosGAR 1998;
Gauss-Kruger_Faja6-PosGAR98;Gauss-Kruger_Faja6-PosGAR98;Gauss-Krüger per a la Faixa 6 de l'Argentina amb dàtum PosGAR98;Gauss-Krüger para la Faja 6 de Argentina con dátum PosGAR98;Gauss-Krüger for zone 6 in Argentina Argentina with datum PosGAR98;F;Transverse_Mercator;Gauss-Kruger_Argentina_6;m;PosGAR 1998;
Gauss-Kruger_Faja7-PosGAR98;Gauss-Kruger_Faja7-PosGAR98;Gauss-Krüger per a la Faixa 7 de l'Argentina amb dàtum PosGAR98;Gauss-Krüger para la Faja 7 de Argentina con dátum PosGAR98;Gauss-Krüger for zone 7 in Argentina with PosGAR98 datum;F;Transverse_Mercator;Gauss-Kruger_Argentina_7;m;PosGAR 1998;
Gauss-Kruger_Zona2-Bogota;Gauss-Kruger_Zona2-Bogota;Gauss-Krüger per a la zona 2 de Colòmbia amb dàtum Bogotà;Gauss-Krüger para la zona 2 de Colombia con dátum Bogotá;Gauss-Krüger for zone 2 in Colombia with Bogota datum;F;Transverse_Mercator;Gauss-Kruger_Colombia_2;m;Bogota Observatory;
Gauss-Kruger_Zona2-MAGNA;Gauss-Kruger_Zona2-MAGNA;Gauss-Krüger per a la zona 2 de Colòmbia amb dàtum SIRGAS i marc de referència MAGNA;Gauss-Krüger para la zona 2 de Colombia con dátum SIRGAS y marco de referencia MAGNA;Gauss-Krüger for zone 2 in Colombia with SIRGAS datum and MAGNA frame of reference;F;Transverse_Mercator;Gauss-Kruger_Colombia_2;m;SIRGAS;
Gauss-Kruger_Zona1-Chua;Gauss-Kruger_Zona1-Chua;Gauss-Krüger per a la zona 1 de Paraguai amb dàtum Chua;Gauss-Krüger para la zona 1 de Paraguay con dátum Chua;Gauss-Krüger for zone 1 in Paraguay with Chua datum;F;Transverse_Mercator;Gauss-Kruger_Paraguay_1;m;Chua Astro;
Gauss-Kruger_Zona2-Chua;Gauss-Kruger_Zona2-Chua;Gauss-Krüger per a la zona 2 de Paraguai amb dàtum Chua;Gauss-Krüger para la Zona 2 de Paraguay con dátum Chua;Gauss-Krüger for zone 2 in Paraguay with Chua datum;F;Transverse_Mercator;Gauss-Kruger_Paraguay_2;m;Chua Astro;
Gauss-Kruger_Zona3-Chua;Gauss-Kruger_Zona3-Chua;Gauss-Krüger per a la zona 3 de Paraguai amb dàtum Chua;Gauss-Krüger para la Zona 3 de Paraguay con dátum Chua;Gauss-Krüger for zone 3 in Paraguay with Chua datum;F;Transverse_Mercator;Gauss-Kruger_Paraguay_3;m;Chua Astro;
Gauss-Kruger_Zona4-Chua;Gauss-Kruger_Zona4-Chua;Gauss-Krüger per a la zona 4 de Paraguai amb dàtum Chua;Gauss-Krüger para la Zona 4 de Paraguay con dátum Chua;Gauss-Krüger for zone 4 in Paraguay with Chua datum;F;Transverse_Mercator;Gauss-Kruger_Paraguay_4;m;Chua Astro;
Gauss-Kruger_Qatar-QND;Gauss-Kruger_Qatar-QND;Gauss-Krüger per a Qatar amb dàtum QND;Gauss-Krüger para Qatar con dátum QND;Gauss-Krüger for Qatar with QND datum;F;Transverse_Mercator;Gauss-Kruger_Qatar;m;Qatar National;
LambertAzimEqualA-ED50_Esf6378388_Europa;LambertAzimEqualA-ED50_Esf6378388_Europa;Azimutal Equivalent de Lambert amb dàtum ED50 usant esfera de radi 6378388 m per a Europa;Azimutal Equivalente de Lambert con dátum ED50 usando esfera de radio 6378388 m para Europa;Lambert Azimuthal Equal-Area with ED50 datum using sphere of radius 6378388 m for Europe;F;Lambert_Azimuthal_Equal_Area;long9_lat_48N;m;European 1950 ABDF;International 1924 - Esfera radi major
lat/long-ED50_Esf6378388_Europa;lat/long-ED50_Esf6378388_Europa;Longitud-latitud amb dàtum ED50 usant esfera de radi 6378388 m per a Europa;Longitud-latitud con dátum ED50 usando esfera de radio 6378388 m para Europa;Longitude-latitude with datum ED50 using sphere of radius 6378388 m for Europe;F;lat/long;long9_lat_48N;deg;European 1950 ABDF;International 1924 - Esfera radi major
OACI_1:500000_Spain;OACI_1:500000_Spain;Cònica Conforme de Lambert. Cartes OACI 1:500000, zona d'Espanya;Cónica Conforme de Lambert. Cartas OACI 1:500000, zona de España;Lambert Conformal Conic. 1:500000 OACI maps, area of Spain;F;Lambert_Conformal_Conic;SpainZone;m;WGS 1984;
Gauss-Kruger_Portugal-Lisboa1937;Gauss-Kruger_Portugal-Lisboa1937;Gauss-Krüger per a Portugal amb dàtum Lisboa 1937;Gauss-Krüger para Portugal con dátum Lisboa 1937;Gauss-Krüger for Portugal with Lisbon datum 1937;F;Transverse_Mercator;Gauss-Kruger_Portugal;m;Lisboa 1937;
Gauss-Kruger_Portugal-Lisboa;Gauss-Kruger_Portugal-Lisboa;Gauss-Krüger per a Portugal amb dàtum Lisboa;Gauss-Krüger para Portugal con dátum Lisboa;Gauss-Krüger for Portugal with Lisbon datum;F;Transverse_Mercator;Gauss-Kruger_Portugal;m;Lisboa;
Gauss-Kruger_Portugal-ETRS89;Gauss-Kruger_Portugal-ETRS89;Gauss-Krüger per a Portugal amb dàtum ETRS89;Gauss-Krüger para Portugal con dátum ETRS89;Gauss-Krüger for Portugal with ETRS89 datum;F;Transverse_Mercator;Gauss-Kruger_Portugal;m;ETRS89;
TransverseMercator-Sweden-RT90;TransverseMercator-Sweden-RT90;Transversal de Mercator per a Suècia amb dàtum Rikets koordinatsystem 1990;Transversal de Mercator para Suecia con dátum Rikets koordinatsystem 1990;Transverse Mercator for Sweden with datum Rikets coordinatsystem 1990;F;Transverse_Mercator;Sweden-15_48_29.8;m;Rikets koordinatsystem 1990;
TransverseMercator-Finland-KKJ;TransverseMercator-Finland-KKJ;Transversal de Mercator per a Finlàndia amb dàtum KKJ;Transversal de Mercator para Finlandia con dátum KKJ;Transverse Mercator for Finland with KKJ datum;F;Transverse_Mercator;Finland-27_0;m;KKJ Finland;
TransverseMercator-Greece-GGRS87;TransverseMercator-Greece-GGRS87;Transversal de Mercator per a Grècia amb dàtum GGRS87;Transversal de Mercator para Grecia con dátum GGRS87;Transverse Mercator for Greece with datum GGRS87;F;Transverse_Mercator;Greece-24_0;m;GGRS87;
TransverseMercator-Ireland1965;TransverseMercator-Ireland1965;Transversal de Mercator per a Irlanda amb dàtum Irlanda 1965;Transversal de Mercator para Irlanda con dátum Irlanda 1965;Transverse Mercator for Ireland with Ireland datum 1965;F;Transverse_Mercator;TM65_Irish;m;Ireland 1965;
TransverseMercator-Israel1989;TransverseMercator-Israel1989;Transversal de Mercator per a Israel amb dàtum Israel 1989;Transversal de Mercator para Israel con dátum Israel 1989;Transverse Mercator for Israel with Israel datum 1989;F;Transverse_Mercator;Israel-31_35;m;Israel 1989;
TransverseMercator-Monte_Mario-Italy_Z1;TransverseMercator-Monte_Mario-Italy_Z1;Transversal de Mercator per a Itàlia amb dàtum Monte Mario, zona 1;Transversal de Mercator para Italia con dátum Monte Mario, zona 1;Transverse Mercator for Italy with Monte Mario datum, zone 1;F;Transverse_Mercator;Monte_Mario-Italy_zone_1;m;Monte Mario;
TransverseMercator-BalkansMGI1901;TransverseMercator-BalkansMGI1901;Transversal de Mercator per als Balcans amb dàtum MGI 1901;Transversal de Mercator para los Balcanes con dátum MGI 1901;Transverse Mercator for the Balkans with date MGI 1901;F;Transverse_Mercator;Balkans-21_0;m;MGI 1901;
ObliqueMercator-Rosenmund1903;ObliqueMercator-Rosenmund1903;Obliqua de Mercator (Rosenmund 1903);Oblicua de Mercator (Rosenmund 1903);Oblique Mercator (Rosenmund 1903);F;Oblique_Mercator;Swiss-46.9_7.4_90;m;CH1903;
Geostationary-WGS84;Geostationary-WGS84;Geoestacionària amb dàtum WGS84;Geoestacionaria con dátum WGS84;Geostationary with WGS84 datum;F;Geostationary;long_0;deg;WGS 1984;
Normalized_Geostationary;Normalized_Geostationary;Geoestacionària amb el·lipsoide normalitzat;Geoestacionaria con elipsoide normalizado;Geostationary with normalized ellipsoid;F;Geostationary;long_0;deg;WGS 1984;Normalized Geostationary
Conic_Equidistant_4S_21S-SAD69;Conic_Equidistant_4S_21S-SAD69;Cònica Equidistant amb dàtum Amèrica del Sud 1969 AB i paral·lels 4S i 21S;Cónica Equidistante con dátum América del Sur 1969 AB y paralelos 4S y 21S;Equidistant Conic with South American datum 1969 AB and parallels 4S and 21S;F;Conic_Equidistant;Paraguay-4S-21S;m;South American 1969 AB;
Conic_Equidistant_4S_21S-Normal-Sphere;Conic_Equidistant_4S_21S-Normal-Sphere;Cònica Equidistant amb dàtum Amèrica del Sud 1969 AB i paral·lels 4S i 21S (model esfèric);Cónica Equidistante con dátum América del Sur 1969 AB y paralelos 4S y 21S (modelo esférico);Equidistant Conic with South American datum 1969 AB and parallels 4S and 21S (spherical model);F;Conic_Equidistant;Paraguay-4S-21S;m;South American 1969 AB;Normal Sphere
Transverse-Mercator_Colombia_ONacional;Transverse-Mercator_Colombia_ONacional;Transversa Mercator Origen Nacional Colòmbia amb dàtum SIRGAS i marc de referència MAGNA;Transversa Mercator Origen Nacional Colombia con dátum SIRGAS y marco referencia MAGNA;Transverse Mercator National Origin with SIRGAS datum and MAGNA reference frame;F;Transverse_Mercator;Colombia_Origen_Nacional;m;SIRGAS;
