ID_GEODES;ID_KEYWORD
Albers_Equal_Area_Conic-Africa;16710
Albers_Equal_Area_Conic-California_Esf;18402
Albers_Equal_Area_Conic-Ukraine;21176
Albers_Equal_Area-Africa-WGS84;34202
Albers_Equal_Area-Africa-WGS84;16710
Albers_Equal_Area-Asia_North-WGS84;16728
Albers_Equal_Area-Asia_North-WGS84;34202
Albers_Equal_Area-Asia_South-WGS84;16731
Albers_Equal_Area-Asia_South-WGS84;18467
Albers_Equal_Area-N_America-NAD83;18402
Albers_Equal_Area-N_America-NAD83;17708
Albers_Equal_Area-N_America-NAD83;34202
Albers_Equal_Area-S_America-WGS84;16994
Albers_Equal_Area-S_America-WGS84;34202
Azimuthal_Equidistant-0-90-WGS84;34202
Azimuthal_Equidistant-24-53-WGS84;34202
Cilindrical_Equidistant-WGS84;34202
Conic_Equidistant_4S_21S-Normal-Sphere;17110
Conic_Equidistant_4S_21S-Normal-Sphere;17446
Conic_Equidistant_4S_21S-Normal-Sphere;17486
Conic_Equidistant_4S_21S-Normal-Sphere;21533
Conic_Equidistant_4S_21S-Normal-Sphere;18001
Conic_Equidistant_4S_21S-Normal-Sphere;18356
Conic_Equidistant_4S_21S-Normal-Sphere;18732
Conic_Equidistant_4S_21S-Normal-Sphere;19897
Conic_Equidistant_4S_21S-Normal-Sphere;20013
Conic_Equidistant_4S_21S-Normal-Sphere;21136
Conic_Equidistant_4S_21S-Normal-Sphere;21329
Conic_Equidistant_4S_21S-SAD69;17110
Conic_Equidistant_4S_21S-SAD69;17446
Conic_Equidistant_4S_21S-SAD69;17486
Conic_Equidistant_4S_21S-SAD69;21533
Conic_Equidistant_4S_21S-SAD69;18001
Conic_Equidistant_4S_21S-SAD69;18356
Conic_Equidistant_4S_21S-SAD69;18732
Conic_Equidistant_4S_21S-SAD69;19897
Conic_Equidistant_4S_21S-SAD69;20013
Conic_Equidistant_4S_21S-SAD69;21136
Conic_Equidistant_4S_21S-SAD69;21329
Cylindrical_Equal_Area-15-0-WGS84;34202
Gauss-Kruger_Faja1-PosGAR98;17110
Gauss-Kruger_Faja2-PosGAR98;17110
Gauss-Kruger_Faja3-PosGAR98;17110
Gauss-Kruger_Faja4-PosGAR98;17110
Gauss-Kruger_Faja5-PosGAR98;17110
Gauss-Kruger_Faja6-PosGAR98;17110
Gauss-Kruger_Faja7-PosGAR98;17110
Gauss-Kruger_Portugal-ETRS89;20172
Gauss-Kruger_Portugal-ETRS89;18426
Gauss-Kruger_Portugal-Lisboa;20172
Gauss-Kruger_Portugal-Lisboa1937;20172
Gauss-Kruger_Qatar-QND;20242
Gauss-Kruger_Zona1-Chua;19897
Gauss-Kruger_Zona2-Bogota;17442
Gauss-Kruger_Zona2-Bogota;18001
Gauss-Kruger_Zona2-Chua;19897
Gauss-Kruger_Zona2-MAGNA;16994
Gauss-Kruger_Zona3-Chua;19897
Gauss-Kruger_Zona4-Chua;19897
Geostationary-WGS84;34202
Goode_Homolosine-WGS84;34202
Lambert_Azimuthal_Equal_Area-1052-ETRS89;18426
Lambert_Azimuthal_Equal_Area-9-48-ETRS89;18426
Lambert_Conformal_Conic_ICC_Mediterrani;19373
Lambert_Conformal_Conic_ICC_Mediterrani;18426
Lambert_Conformal_Conic_ICC_Mediterrani;34202
Lambert_Conformal_Conic-AND01;17024
Lambert_Conformal_Conic-Europa-ETRS89;18426
Lambert_Conformal_Conic-França-ETRS89;18426
Lambert_Conformal_Conic-Madrid1870;18378
Lambert_Conformal_Conic-Maroc_N-Merchich;19315
Lambert_Conformal_Conic-ZoneII_ext-NTF;18521
Lambert_Conformal_Conic-ZoneIII_ext-NTF;18521
Lambert_Conformal_Conic-ZoneIII-NTF;18521
Lambert_Conformal_Conic-ZoneII-NTF;18521
Lambert_Conformal_Conic-ZoneI-NTF;18521
Lambert_Conformal_Conic_EE_L-EST97;18396
LambertAzimEqualA-0-90-WGS84-Ellipsoide;34202
LambertAzimEqualA-0-90-WGS84-Esfera;34202
LambertAzimEqualA-1052-ETRS89-Esfera;18426
LambertAzimEqualA-9-48-ETRS89-Esfera;18426
LambertAzimEqualA-ED50_Esf6378388_Europa;16735
LambertAzimEqualA-ED50_Esf6378388_Europa;17209
LambertAzimEqualA-ED50_Esf6378388_Europa;18266
LambertAzimEqualA-ED50_Esf6378388_Europa;18469
LambertAzimEqualA-ED50_Esf6378388_Europa;18521
LambertAzimEqualA-ED50_Esf6378388_Europa;16901
LambertAzimEqualA-ED50_Esf6378388_Europa;18620
LambertAzimEqualA-ED50_Esf6378388_Europa;18650
LambertAzimEqualA-ED50_Esf6378388_Europa;18891
LambertAzimEqualA-ED50_Esf6378388_Europa;19181
LambertAzimEqualA-ED50_Esf6378388_Europa;19816
LambertAzimEqualA-ED50_Esf6378388_Europa;19667
LambertAzimEqualA-ED50_Esf6378388_Europa;20172
LambertAzimEqualA-ED50_Esf6378388_Europa;18378
LambertAzimEqualA-ED50_Esf6378388_Europa;20869
LambertAzimEqualA-ED50_Esf6378388_Europa;20870
lat/long-Bogota;17442
lat/long-Bogota;18001
lat/long-CH1903;20870
lat/long-ED50_Esf6378388_Europa;16735
lat/long-ED50_Esf6378388_Europa;17209
lat/long-ED50_Esf6378388_Europa;18266
lat/long-ED50_Esf6378388_Europa;18469
lat/long-ED50_Esf6378388_Europa;18521
lat/long-ED50_Esf6378388_Europa;16901
lat/long-ED50_Esf6378388_Europa;18620
lat/long-ED50_Esf6378388_Europa;18650
lat/long-ED50_Esf6378388_Europa;18891
lat/long-ED50_Esf6378388_Europa;19181
lat/long-ED50_Esf6378388_Europa;19816
lat/long-ED50_Esf6378388_Europa;19667
lat/long-ED50_Esf6378388_Europa;20172
lat/long-ED50_Esf6378388_Europa;18378
lat/long-ED50_Esf6378388_Europa;20869
lat/long-ED50_Esf6378388_Europa;20870
lat/long-ED50-ABDF;16735
lat/long-ED50-ABDF;17209
lat/long-ED50-ABDF;18266
lat/long-ED50-ABDF;18469
lat/long-ED50-ABDF;18521
lat/long-ED50-ABDF;16901
lat/long-ED50-ABDF;18620
lat/long-ED50-ABDF;18650
lat/long-ED50-ABDF;18891
lat/long-ED50-ABDF;19181
lat/long-ED50-ABDF;19816
lat/long-ED50-ABDF;19667
lat/long-ED50-ABDF;20172
lat/long-ED50-ABDF;18378
lat/long-ED50-ABDF;20869
lat/long-ED50-ABDF;20870
lat/long-ED50-PS;20002
lat/long-ED50-PS;18378
lat/long-ED50-PS;20172
lat/long-ED50-S/IGN;18378
lat/long-ED50-UB/ICC;17866
lat/long-ETRS89;18426
lat/long-Ireland1965;18876
lat/long-KKJ Finland;18469
lat/long-Lisboa;20172
lat/long-Lisboa1937;20172
lat/long-Madrid1870;18378
lat/long-MAGNA;16994
lat/long-Merchich;19315
lat/long-NAD27-BC;17337
lat/long-NAD27-BC;18095
lat/long-NAD27-BC;18330
lat/long-NAD27-BC;18715
lat/long-NAD27-BC;18796
lat/long-NAD27-BC;19637
lat/long-NAD83-AA;16833
lat/long-Normal_Sphere-ED50-UB/ICC;17866
lat/long-NTF;18521
lat/long-PosGAR98;17110
lat/long-QND;20242
lat/long-REGCAN95;17707
lat/long-SAD69-CH;21533
lat/long-Sweden-RT90;20869
lat/long-Tete-MZ;19435
lat/long-WGS84;34202
Mercator-Equator-ED50-UB/ICC;17866
Mercator-Equator-ETRS89;18426
Mercator-Equator-Normal_Sphere-WGS84;34202
Mercator-Equator-WGS84;34202
Mercator-IHM-485-60k-ED50-UB/ICC;17866
Mercator-IHM-485-60k-ETRS89;18426
Mercator-IHM-486-60k-ED50-UB/ICC;17866
Mercator-IHM-486-60k-ETRS89;18426
Mercator-IHM-487-50k-ED50-UB/ICC;17866
Mercator-IHM-487-50k-ETRS89;18426
Mercator-IHM-488-50k-ED50-UB/ICC;17866
Mercator-IHM-488-50k-ETRS89;18426
Mercator-IHM-489-50k-ED50-UB/ICC;17866
Mercator-IHM-489-50k-ETRS89;18426
Mercator-IHM-489-50k-WGS84;34202
Mercator-IHM-491-50k-ED50-UB/ICC;17866
Mercator-IHM-491-50k-ETRS89;18426
Mercator-IHM-492-50k-ED50-UB/ICC;17866
Mercator-IHM-492-50k-ETRS89;18426
Mercator-IHM-493-50k-ED50-UB/ICC;17866
Mercator-IHM-493-50k-ETRS89;18426
Mercator-Popular-Visualisation-Sphere;34202
Normalized_Geostationary;34202
OACI_1:500000_Spain;34202
ObliqueMercator-Rosenmund1903;20870
Sinusoidal-V5-MODIS;34202
Sinusoidal-WGS84;34202
TransverseMercator-BalkansMGI1901;17214
TransverseMercator-BalkansMGI1901;18164
TransverseMercator-Finland-KKJ;18469
TransverseMercator-Greece-GGRS87;18650
TransverseMercator-Ireland1965;18876
TransverseMercator-Israel1989;18887
TransverseMercator-Monte_Mario-Italy_Z1;18891
TransverseMercator-Sweden-RT90;20869
UTM-10N-NAD27-CW;18402
UTM-10N-WGS84;16993
UTM-11N-NAD27-CW;18402
UTM-12N-NAD83;18402
UTM-13N-ITRF92;19193
UTM-13N-NAD27-MX;19193
UTM-14N-ITRF92;19193
UTM-14N-NAD27-MX;19193
UTM-15N-ITRF92;19193
UTM-15N-NAD27-MX;19193
UTM-15N-NAD83;18402
UTM-16N-NAD27-BC;17337
UTM-16N-NAD27-BC;18095
UTM-16N-NAD27-BC;18330
UTM-16N-NAD27-BC;18715
UTM-16N-NAD27-BC;18796
UTM-16N-NAD27-BC;19637
UTM-16N-WGS84;16993
UTM-17S-PSA56-P;20013
UTM-17S-SAD69-PE;20013
UTM-17S-WGS84;16994
UTM-18N-WGS84;16993
UTM-18S-SAD69-CH;21533
UTM-18S-WGS84;34202
UTM-19N-SAD69-BR;18001
UTM-19N-WGS84;16993
UTM-19S-PSAD56-BC;17446
UTM-19S-PSAD56-BC;21533
UTM-19S-PSAD56-BC;18001
UTM-19S-PSAD56-BC;18356
UTM-19S-PSAD56-BC;18732
UTM-19S-PSAD56-BC;20013
UTM-19S-PSAD56-BC;21329
UTM-19S-PSAD56-CN;21533
UTM-19S-PSAD56-V;21329
UTM-19S-SAD69-CH;21533
UTM-19S-WGS84;16994
UTM-20N-SAD69-BR;17486
UTM-20N-WGS84;16993
UTM-20S-SAD69-BR;17486
UTM-20S-WGS84;16994
UTM-21N-SAD69-BR;17486
UTM-21N-WGS84;16993
UTM-21S-SAD69-BR;17486
UTM-21S-WGS84;16994
UTM-22N-SAD69-BR;17486
UTM-22N-WGS84;18678
UTM-22S-SAD69-BR;17486
UTM-22S-WGS84;16994
UTM-23N-SAD69-BR;17486
UTM-23S-SAD69-BR;17486
UTM-24N-SAD69-BR;17486
UTM-24S-SAD69-BR;17486
UTM-25N-SAD69-BR;17486
UTM-25S-SAD69-BR;17486
UTM-26N-ETRS89;18426
UTM-27N-ETRS89;18426
UTM-27N-S/IGN;18378
UTM-27N-WGS84;18678
UTM-27N-WGS84;18885
UTM-28N-ETRS89;18426
UTM-28N-PicoDeLasNieves;17707
UTM-28N-REGCAN95;17707
UTM-28N-WGS84;18885
UTM-29N-ED50-ABDF;16735
UTM-29N-ED50-ABDF;17209
UTM-29N-ED50-ABDF;18266
UTM-29N-ED50-ABDF;18469
UTM-29N-ED50-ABDF;18521
UTM-29N-ED50-ABDF;16901
UTM-29N-ED50-ABDF;18620
UTM-29N-ED50-ABDF;18650
UTM-29N-ED50-ABDF;18891
UTM-29N-ED50-ABDF;19181
UTM-29N-ED50-ABDF;19816
UTM-29N-ED50-ABDF;19667
UTM-29N-ED50-ABDF;20172
UTM-29N-ED50-ABDF;18378
UTM-29N-ED50-ABDF;20869
UTM-29N-ED50-ABDF;20870
UTM-29N-ED50-PS;18378
UTM-29N-ED50-PS;20172
UTM-29N-ETRS89;18426
UTM-29N-S/IGN;18378
UTM-29N-WGS84;20172
UTM-30N-ABDF;16735
UTM-30N-ABDF;17209
UTM-30N-ABDF;18266
UTM-30N-ABDF;18469
UTM-30N-ABDF;18521
UTM-30N-ABDF;16901
UTM-30N-ABDF;18620
UTM-30N-ABDF;18650
UTM-30N-ABDF;18891
UTM-30N-ABDF;19181
UTM-30N-ABDF;19816
UTM-30N-ABDF;19667
UTM-30N-ABDF;20172
UTM-30N-ABDF;18378
UTM-30N-ABDF;20869
UTM-30N-ABDF;20870
UTM-30N-Balearic;18853
UTM-30N-ETRS89;18426
UTM-30N-IP;20002
UTM-30N-NW_IP;17147
UTM-30N-NW_IP;17809
UTM-30N-NW_IP;18571
UTM-30N-PS;18378
UTM-30N-PS;20172
UTM-30N-S/IGN;18378
UTM-30N-WGS84;20002
UTM-30N-WGS84;18378
UTM-31N-ABDF;16735
UTM-31N-ABDF;17209
UTM-31N-ABDF;18266
UTM-31N-ABDF;18469
UTM-31N-ABDF;18521
UTM-31N-ABDF;16901
UTM-31N-ABDF;18620
UTM-31N-ABDF;18650
UTM-31N-ABDF;18891
UTM-31N-ABDF;19181
UTM-31N-ABDF;19816
UTM-31N-ABDF;19667
UTM-31N-ABDF;20172
UTM-31N-ABDF;18378
UTM-31N-ABDF;20869
UTM-31N-ABDF;20870
UTM-31N-ED79;16735
UTM-31N-ED79;18469
UTM-31N-ED79;19816
UTM-31N-ED79;19667
UTM-31N-ED79;18378
UTM-31N-ED79;20869
UTM-31N-ED79;20870
UTM-31N-ETRS89;18426
UTM-31N-UB/ICC;17866
UTM-31N-WGS84;17866
UTM-31N-WGS84;18521
UTM-32N-ETRS89;18426
UTM-32N-WGS84;34202
UTM-33N-ETRS89;18426
UTM-33N-WGS84;18891
UTM-33S-Camacupa1980;17035
UTM-33S-WGS84;17035
UTM-34N-ETRS89;18426
UTM-34N-GGRS87;18650
UTM-34N-WGS84;16834
UTM-35N-ETRS89;18426
UTM-35N-GGRS87;18650
UTM-35N-WGS84;17529
UTM-36N-ETRS89;18426
UTM-36N-WGS84;21176
UTM-36S-TeteA-MZ;19435
UTM-36S-TeteB-MZ;19435
UTM-36S-TeteC-MZ;19435
UTM-36S-TeteD-MZ;19435
UTM-36S-Tete-MZ;19435
UTM-36S-WGS84;19435
UTM-37N-ETRS89;18321
UTM-37N-WGS84;18321
UTM-38N-ETRS89;18959
UTM-39N-ETRS89;18959
UTM-42N-WGS84;16748
UTM-43N-WGS84;16748
UTM-44N-WGS84;16748
UTM-47N-WGS84;21534
UTM-59N-WGS84;20262
UTM-59S-WGS84;19686
UTM-6N-WGS84;16833
UTM-ZoneHemiAuto-PS;18378
UTM-ZoneHemiAuto-PS;20172
