ID_DATUM;ID_GRUP;LLOCS;LLOCSSPA;LLOCSENG;DELTA_X;DELTA_Y;DELTA_Z;OMEGA;FI;KAPPA;ESCALAT;S_DELTA_X;S_DELTA_Y;S_DELTA_Z;R_DELTA_X;R_DELTA_Y;R_DELTA_Z;R_OMEGA;R_FI;R_KAPPA;R_ESCALAT;RS_DELTA_X;RS_DELTA_Y;RS_DELTA_Z;N_SAT;SRC
Adindan BF;Adindan;Burkina Faso;Burkina Faso;Burkina Faso;-118.0000000000;-14.0000000000;218.0000000000;;;;;25.0000000000;25.0000000000;25.0000000000;118.0000000000;14.0000000000;-218.0000000000;;;;;25.0000000000;25.0000000000;25.0000000000;1;NIMA&MADTRAN
Adindan CA;Adindan;Camerun;Camerún;Cameroon;-134.0000000000;-2.0000000000;210.0000000000;;;;;25.0000000000;25.0000000000;25.0000000000;134.0000000000;2.0000000000;-210.0000000000;;;;;25.0000000000;25.0000000000;25.0000000000;1;NIMA&MADTRAN
Adindan ET;Adindan;Etiòpia;Etiopía;Ethiopia;-165.0000000000;-11.0000000000;206.0000000000;;;;;3.0000000000;3.0000000000;3.0000000000;165.0000000000;11.0000000000;-206.0000000000;;;;;3.0000000000;3.0000000000;3.0000000000;8;NIMA&MADTRAN
Adindan MA;Adindan;Mali;Malí;Mali;-123.0000000000;-20.0000000000;220.0000000000;;;;;25.0000000000;25.0000000000;25.0000000000;123.0000000000;20.0000000000;-220.0000000000;;;;;25.0000000000;25.0000000000;25.0000000000;1;NIMA&MADTRAN
Adindan ES;Adindan;"mitjana per a Etiòpia; Sudan";"media para Etiopía; Sudán";"mean for Ethiopia; Sudan";-166.0000000000;-15.0000000000;204.0000000000;;;;;5.0000000000;5.0000000000;3.0000000000;166.0000000000;15.0000000000;-204.0000000000;;;;;5.0000000000;5.0000000000;3.0000000000;22;NIMA&MADTRAN
Adindan SE;Adindan;Senegal;Senegal;Senegal;-128.0000000000;-18.0000000000;224.0000000000;;;;;25.0000000000;25.0000000000;25.0000000000;128.0000000000;18.0000000000;-224.0000000000;;;;;25.0000000000;25.0000000000;25.0000000000;2;NIMA&MADTRAN
Adindan SU;Adindan;Sudan;Sudán;Sudan;-161.0000000000;-14.0000000000;205.0000000000;;;;;3.0000000000;5.0000000000;3.0000000000;161.0000000000;14.0000000000;-205.0000000000;;;;;3.0000000000;5.0000000000;3.0000000000;14;NIMA&MADTRAN
Afgooye SO;Afgooye;Somàlia;Somalia;Somalia;-43.0000000000;-163.0000000000;45.0000000000;;;;;25.0000000000;25.0000000000;25.0000000000;43.0000000000;163.0000000000;-45.0000000000;;;;;25.0000000000;25.0000000000;25.0000000000;1;NIMA&MADTRAN
Ain el Abd 1970 B;Ain el Abd 1970;Bahrain;Baréin (Bahrein);Bahrain;-150.0000000000;-250.0000000000;-1.0000000000;;;;;25.0000000000;25.0000000000;25.0000000000;150.0000000000;250.0000000000;1.0000000000;;;;;25.0000000000;25.0000000000;25.0000000000;2;NIMA&MADTRAN
Ain el Abd 1970 SA;Ain el Abd 1970;Aràbia Saudita;Arabia Saudita;Saudi Arabia;-143.0000000000;-236.0000000000;7.0000000000;;;;;10.0000000000;10.0000000000;10.0000000000;143.0000000000;236.0000000000;-7.0000000000;;;;;10.0000000000;10.0000000000;10.0000000000;9;NIMA&MADTRAN
American Samoa 1962;American Samoa 1962;Samoa;Samoa;Samoa;-115.0000000000;118.0000000000;426.0000000000;;;;;25.0000000000;25.0000000000;25.0000000000;115.0000000000;-118.0000000000;-426.0000000000;;;;;25.0000000000;25.0000000000;25.0000000000;2;NIMA&MADTRAN
Andorra AND01;NTF;Andorra;Andorra;Andorra;-136.9888100000;-136.9888100000;341.1189100000;-4.164549;0.0;-3.925451;-5.969441;;;;136.9888100000;60.6312600000;-341.1189100000;4.164549;0.0;3.925451;5.969441;;;;;
Anna 1 Astro 1965;Anna 1 Astro 1965;Illes Cocos;Islas Cocos;Cocos Islands;-491.0000000000;-22.0000000000;435.0000000000;;;;;25.0000000000;25.0000000000;25.0000000000;491.0000000000;22.0000000000;-435.0000000000;;;;;25.0000000000;25.0000000000;25.0000000000;1;NIMA&MADTRAN
Antigua Island Astro 1943;Antigua Island Astro 1943;Illa Antigua;Isla Antigua;Antigua Island;-270.0000000000;13.0000000000;62.0000000000;;;;;25.0000000000;25.0000000000;25.0000000000;270.0000000000;-13.0000000000;-62.0000000000;;;;;25.0000000000;25.0000000000;25.0000000000;1;NIMA&MADTRAN
Arc 1950 BO;Arc 1950;Botswana;Botsuana;Botswana;-138.0000000000;-105.0000000000;-289.0000000000;;;;;3.0000000000;5.0000000000;3.0000000000;138.0000000000;105.0000000000;289.0000000000;;;;;3.0000000000;5.0000000000;3.0000000000;9;NIMA&MADTRAN
Arc 1950 BU;Arc 1950;Burundi;Burundi;Burundi;-153.0000000000;-5.0000000000;-292.0000000000;;;;;20.0000000000;20.0000000000;20.0000000000;153.0000000000;5.0000000000;292.0000000000;;;;;20.0000000000;20.0000000000;20.0000000000;3;NIMA&MADTRAN
Arc 1950 LE;Arc 1950;Lesotho;Lesoto;Lesotho;-125.0000000000;-108.0000000000;-295.0000000000;;;;;3.0000000000;3.0000000000;8.0000000000;125.0000000000;108.0000000000;295.0000000000;;;;;3.0000000000;3.0000000000;8.0000000000;5;NIMA&MADTRAN
Arc 1950 MA;Arc 1950;Malawi;Malawi;Malawi;-161.0000000000;-73.0000000000;-317.0000000000;;;;;9.0000000000;24.0000000000;8.0000000000;161.0000000000;73.0000000000;317.0000000000;;;;;9.0000000000;24.0000000000;8.0000000000;6;NIMA&MADTRAN
Arc 1950 BLMSZ;Arc 1950;"mitjana per a Botswana; Lesotho; Malawi; Swazilàndia; Zaire; Zàmbia; Zimbabwe";"media para Botsuana; Lesotho; Malawi; Swazilandia; Zaire; Zambia; Zimbabwe";"mean for Botswana; Lesotho; Malawi; Swaziland; Zaire; Zambia; Zimbabwe";-143.0000000000;-90.0000000000;-294.0000000000;;;;;20.0000000000;33.0000000000;20.0000000000;143.0000000000;90.0000000000;294.0000000000;;;;;20.0000000000;33.0000000000;20.0000000000;41;NIMA&MADTRAN
Arc 1950 SW;Arc 1950;Swazilàndia;Swazilandia;Swaziland;-134.0000000000;-105.0000000000;-295.0000000000;;;;;15.0000000000;15.0000000000;15.0000000000;134.0000000000;105.0000000000;295.0000000000;;;;;15.0000000000;15.0000000000;15.0000000000;4;NIMA&MADTRAN
Arc 1950 ZI;Arc 1950;Zaire;Zaire;Zaire;-169.0000000000;-19.0000000000;-278.0000000000;;;;;25.0000000000;25.0000000000;25.0000000000;169.0000000000;19.0000000000;278.0000000000;;;;;25.0000000000;25.0000000000;25.0000000000;2;NIMA&MADTRAN
Arc 1950 ZM;Arc 1950;Zàmbia;Zambia;Zambia;-147.0000000000;-74.0000000000;-283.0000000000;;;;;21.0000000000;21.0000000000;27.0000000000;147.0000000000;74.0000000000;283.0000000000;;;;;21.0000000000;21.0000000000;27.0000000000;5;NIMA&MADTRAN
Arc 1950 ZB;Arc 1950;Zimbabwe;Zimbabue (Zimbabwe);Zimbabwe;-142.0000000000;-96.0000000000;-293.0000000000;;;;;5.0000000000;8.0000000000;11.0000000000;142.0000000000;96.0000000000;293.0000000000;;;;;5.0000000000;8.0000000000;11.0000000000;10;NIMA&MADTRAN
Arc 1960 KT;Arc 1960;"mitjana per a Kenya; Tanzània";"media para Kenia; Tanzania";"mean for Kenya; Tanzania";-160.0000000000;-6.0000000000;-302.0000000000;;;;;20.0000000000;20.0000000000;20.0000000000;160.0000000000;6.0000000000;302.0000000000;;;;;20.0000000000;20.0000000000;20.0000000000;25;NIMA&MADTRAN
Arc 1960 KE;Arc 1960;Kenya;Kenia;Kenya;-157.0000000000;-2.0000000000;-299.0000000000;;;;;4.0000000000;3.0000000000;3.0000000000;157.0000000000;2.0000000000;299.0000000000;;;;;4.0000000000;3.0000000000;3.0000000000;24;NIMA&MADTRAN
Arc 1960 TA;Arc 1960;Tanzània;Tanzania;Tanzania;-175.0000000000;-23.0000000000;-303.0000000000;;;;;6.0000000000;9.0000000000;10.0000000000;175.0000000000;23.0000000000;303.0000000000;;;;;6.0000000000;9.0000000000;10.0000000000;12;NIMA&MADTRAN
Ascension Island 1958;Ascension Island 1958;Illa de l'Ascensió;Isla de la Ascensión;Ascension Island;-205.0000000000;107.0000000000;53.0000000000;;;;;25.0000000000;25.0000000000;25.0000000000;205.0000000000;-107.0000000000;-53.0000000000;;;;;25.0000000000;25.0000000000;25.0000000000;2;NIMA&MADTRAN
Astro Beacon E 1945;Astro Beacon E 1945;Iwo Jima;Iwo Jima;Iwo Jima;145.0000000000;75.0000000000;-272.0000000000;;;;;25.0000000000;25.0000000000;25.0000000000;-145.0000000000;-75.0000000000;272.0000000000;;;;;25.0000000000;25.0000000000;25.0000000000;1;NIMA&MADTRAN
Astro DOS 71/4;Astro DOS 71/4;Illa de Santa Helena;Isla de Santa Helena;St Helena Island;-320.0000000000;550.0000000000;-494.0000000000;;;;;25.0000000000;25.0000000000;25.0000000000;320.0000000000;-550.0000000000;494.0000000000;;;;;25.0000000000;25.0000000000;25.0000000000;1;NIMA&MADTRAN
Astro Tern Island (FRIG) 1961;Astro Tern Island (FRIG) 1961;Illa de Tern (Hawaii);Isla de Tern (Hawaii);Tern Island (Hawaii);114.0000000000;-116.0000000000;-333.0000000000;;;;;25.0000000000;25.0000000000;25.0000000000;-114.0000000000;116.0000000000;333.0000000000;;;;;25.0000000000;25.0000000000;25.0000000000;1;NIMA&MADTRAN
Astronomical Station 1952;Astronomical Station 1952;Illa Marcus o Illa Minami Tori (Japó);Isla Marcus o Isla Minami Tori (Japón);Marcus (Minami Tori) Island (Japan);124.0000000000;-234.0000000000;-25.0000000000;;;;;25.0000000000;25.0000000000;25.0000000000;-124.0000000000;234.0000000000;25.0000000000;;;;;25.0000000000;25.0000000000;25.0000000000;1;NIMA&MADTRAN
AGD66;AGD66;Austràlia;Australia;Australia;-133.0000000000;-48.0000000000;148.0000000000;;;;;3.0000000000;3.0000000000;3.0000000000;133.0000000000;48.0000000000;-148.0000000000;;;;;3.0000000000;3.0000000000;3.0000000000;105;NIMA&MADTRAN
AGD84;AGD84;Austràlia;Australia;Australia;-117.7630000000;-51.5100000000;139.0610000000;-0.29200000000;-0.44300000000;-0.27700000000;-0.19100000000;0.3800000000;0.3800000000;0.3700000000;117.7630000000;51.5100000000;-139.0610000000;;;;;0.7000000000;0.4000000000;1.8000000000;;GDA TECH MANU 2
Ayabelle Lighthouse;Ayabelle Lighthouse;Djibouti;Yibuti;Djibouti;-79.0000000000;-129.0000000000;145.0000000000;;;;;25.0000000000;25.0000000000;25.0000000000;79.0000000000;129.0000000000;-145.0000000000;;;;;25.0000000000;25.0000000000;25.0000000000;1;NIMA&MADTRAN
Bellevue (IGN);Bellevue (IGN);Illes Éfaté i Erromango (Illes Vanuatu);Islas Éfaté y Erromango (Islas Vanuatu);Efate & Erromango Islands (New Hebrides);-127.0000000000;-769.0000000000;472.0000000000;;;;;20.0000000000;20.0000000000;20.0000000000;127.0000000000;769.0000000000;-472.0000000000;;;;;20.0000000000;20.0000000000;20.0000000000;3;NIMA&MADTRAN
Bermuda 1957;Bermuda 1957;Bermudes;Bermudas;Bermuda;-73.0000000000;213.0000000000;296.0000000000;;;;;20.0000000000;20.0000000000;20.0000000000;73.0000000000;-213.0000000000;-296.0000000000;;;;;20.0000000000;20.0000000000;20.0000000000;3;NIMA&MADTRAN
Bissau;Bissau;Bissau;Bissau;Bissau;-173.0000000000;253.0000000000;27.0000000000;;;;;25.0000000000;25.0000000000;25.0000000000;173.0000000000;-253.0000000000;-27.0000000000;;;;;25.0000000000;25.0000000000;25.0000000000;2;NIMA&MADTRAN
Bogota Observatory;Bogota Observatory;Bogotà, Colòmbia;Bogotá, Colombia;Bogota, Colombia;307.0000000000;304.0000000000;-318.0000000000;;;;;6.0000000000;5.0000000000;6.0000000000;-307.0000000000;-304.0000000000;318.0000000000;;;;;6.0000000000;5.0000000000;6.0000000000;7;NIMA&MADTRAN
Bukit Rimpah;Bukit Rimpah;Indonèsia (llles de Bangka i de Belitung);Indonesia (lslas de Bangka y de Belitung);Indonesia (Bangka & Belitung Ids);-384.0000000000;664.0000000000;-48.0000000000;;;;;;;;384.0000000000;-664.0000000000;48.0000000000;;;;;;;;0;NIMA&MADTRAN
Camacupa Clarke 1880;Camacupa Clarke 1880;Angola;Angola;Angola;-42.0100000000;-332.2100000000;-229.75600000000;;;;;;;;42.0100000000;332.2100000000;229.7500000000;;;;;;;;0;Grids and Datums PE&RS 2001
Camp Area Astro;Camp Area Astro;Antàrtida (Base de McMurdo);Antártida (Base de McMurdo);Antarctica (McMurdo Camp Area);-104.0000000000;-129.0000000000;239.0000000000;;;;;;;;104.0000000000;129.0000000000;-239.0000000000;;;;;;;;0;NIMA&MADTRAN
Campo Inchauspe;Campo Inchauspe;Argentina;Argentina;Argentina;-148.0000000000;136.0000000000;90.0000000000;;;;;5.0000000000;5.0000000000;5.0000000000;148.0000000000;-136.0000000000;-90.0000000000;;;;;5.0000000000;5.0000000000;5.0000000000;20;NIMA&MADTRAN
Canton Astro 1966;Canton Astro 1966;Illa Canton, Illes Fènix (Kiribati);Isla Canton, Islas Fénix (Kiribati);Canton Island, Phoenix Islands (Kiribati);298.0000000000;-304.0000000000;-375.0000000000;;;;;15.0000000000;15.0000000000;15.0000000000;-298.0000000000;304.0000000000;375.0000000000;;;;;15.0000000000;15.0000000000;15.0000000000;4;NIMA&MADTRAN
Cape;Cape;Sud-àfrica;Sudáfrica;South Africa;-136.0000000000;-108.0000000000;-292.0000000000;;;;;3.0000000000;6.0000000000;6.0000000000;136.0000000000;108.0000000000;292.0000000000;;;;;3.0000000000;6.0000000000;6.0000000000;5;NIMA&MADTRAN
Cape Canaveral;Cape Canaveral;"Bahames; Florida";"Bahamas; Florida";"Bahamas; Florida";-2.0000000000;151.0000000000;181.0000000000;;;;;3.0000000000;3.0000000000;3.0000000000;2.0000000000;-151.0000000000;-181.0000000000;;;;;3.0000000000;3.0000000000;3.0000000000;19;NIMA&MADTRAN
Carthage;Carthage;Tunísia;Túnez;Tunisia;-263.0000000000;6.0000000000;431.0000000000;;;;;6.0000000000;9.0000000000;8.0000000000;263.0000000000;-6.0000000000;-431.0000000000;;;;;6.0000000000;9.0000000000;8.0000000000;5;NIMA&MADTRAN
CH1903;CH1903;Confederació Suïssa, Liechtenstein;Confederación Suiza, Liechtenstein;Swiss Confederation, Liechtenstein;660.0770000000;13.5510000000;369.3440000000;2.4840000000;1.7830000000;2.9390000000;5.660000000;4.0550000000;4.8160000000;3.9140000000;-660.0770000000;-13.5510000000;-369.3440000000;-2.4840000000;-1.7830000000;-2.9390000000;5.660000000;4.0550000000;4.8160000000;3.9140000000;;Grids and Datums PE&RS
Chatham Island Astro 1971;Chatham Island Astro 1971;Nova Zelanda;Nueva Zelanda;New Zealand;175.0000000000;-38.0000000000;113.0000000000;;;;;15.0000000000;15.0000000000;15.0000000000;-175.0000000000;38.0000000000;-113.0000000000;;;;;15.0000000000;15.0000000000;15.0000000000;4;NIMA&MADTRAN
Chua Astro;Chua Astro;Paraguai;Paraguay;Paraguay;-134.0000000000;229.0000000000;-29.0000000000;;;;;6.0000000000;9.0000000000;5.0000000000;134.0000000000;-229.0000000000;29.0000000000;;;;;6.0000000000;9.0000000000;5.0000000000;6;NIMA&MADTRAN
Corrego Alegre;Corrego Alegre;Brasil;Brasil;Brazil;-206.0000000000;172.0000000000;-6.0000000000;;;;;5.0000000000;3.0000000000;5.0000000000;206.0000000000;-172.0000000000;6.0000000000;;;;;5.0000000000;3.0000000000;5.0000000000;17;NIMA&MADTRAN
Dabola;Dabola;Guinea;Guinea;Guinea;-83.0000000000;37.0000000000;124.0000000000;;;;;15.0000000000;15.0000000000;15.0000000000;83.0000000000;-37.0000000000;-124.0000000000;;;;;15.0000000000;15.0000000000;15.0000000000;4;NIMA&MADTRAN
Deception Island;Deception Island;Illa Decepció (Antàrtida);Isla Decepción (Antártida);Deception Island (Antarctica);260.0000000000;12.0000000000;-147.0000000000;;;;;20.0000000000;20.0000000000;20.0000000000;-260.0000000000;-12.0000000000;147.0000000000;;;;;20.0000000000;20.0000000000;20.0000000000;3;NIMA&MADTRAN
Djakarta (Batavia);Djakarta (Batavia);Jakarta (Batavia), Sumatra, Indonèsia;Yakarta (Batavia), Sumatra, Indonesia;Jakarta (Batavia), Sumatra, Indonesia;-377.0000000000;681.0000000000;-50.0000000000;;;;;3.0000000000;3.0000000000;3.0000000000;377.0000000000;-681.0000000000;50.0000000000;;;;;3.0000000000;3.0000000000;3.0000000000;5;NIMA&MADTRAN
DOS 1968;DOS 1968;Illes Nova Geòrgia (illa Gizo);Islas Nueva Georgia (isla Gizo);New Georgia Islands (Gizo Island);230.0000000000;-199.0000000000;-752.0000000000;;;;;25.0000000000;25.0000000000;25.0000000000;-230.0000000000;199.0000000000;752.0000000000;;;;;25.0000000000;25.0000000000;25.0000000000;1;NIMA&MADTRAN
Easter Island 1967;Easter Island 1967;Illa de Pasqua;Isla de Pascua;Easter Island;211.0000000000;147.0000000000;111.0000000000;;;;;25.0000000000;25.0000000000;25.0000000000;-211.0000000000;-147.0000000000;-111.0000000000;;;;;25.0000000000;25.0000000000;25.0000000000;1;NIMA&MADTRAN
"Estonia; Coordinate System 1937";"Estonia; Coordinate System 1937";Estònia;Estonia;Estonia;374.0000000000;150.0000000000;588.0000000000;;;;;2.0000000000;3.0000000000;3.0000000000;-374.0000000000;-150.0000000000;-588.0000000000;;;;;2.0000000000;3.0000000000;3.0000000000;19;NIMA&MADTRAN
ETRS89;ETRS89;Europa/EUREF;Europa/EUREF;Europe/EUREF;0.0000000000;0.0000000000;0.0000000000;;;;;;;;0.0000000000;0.0000000000;0.0000000000;;;;;;;;;
European 1950 CY;ED50;Xipre;Chipre;Cyprus;-104.0000000000;-101.0000000000;-140.0000000000;;;;;15.0000000000;15.0000000000;15.0000000000;104.0000000000;101.0000000000;140.0000000000;;;;;15.0000000000;15.0000000000;15.0000000000;4;NIMA&MADTRAN
European 1950 EG;ED50;Egipte;Egipto;Egypt;-130.0000000000;-117.0000000000;-151.0000000000;;;;;6.0000000000;8.0000000000;8.0000000000;130.0000000000;117.0000000000;151.0000000000;;;;;6.0000000000;8.0000000000;8.0000000000;14;NIMA&MADTRAN
European 1950 ECSS;ED50;"Anglaterra; Illes Anglonormandes; Escòcia; Illes Shetland";"Inglaterra; Islas Anglonormandas; Escocia; Islas Shetland";"England; Channel Islands; Scotland; Shetland Islands";-86.0000000000;-96.0000000000;-120.0000000000;;;;;3.0000000000;3.0000000000;3.0000000000;86.0000000000;96.0000000000;120.0000000000;;;;;3.0000000000;3.0000000000;3.0000000000;40;NIMA&MADTRAN
European 1950 EISS;ED50;"Anglaterra; Irlanda; Escòcia; Illes Shetland";"Inglaterra; Irlanda; Escocia; Islas Shetland";"England; Ireland; Scotland; Shetland Islands";-86.0000000000;-96.0000000000;-120.0000000000;;;;;3.0000000000;3.0000000000;3.0000000000;86.0000000000;96.0000000000;120.0000000000;;;;;3.0000000000;3.0000000000;3.0000000000;47;NIMA&MADTRAN
European 1950 FN;ED50;"Finlàndia; Noruega";"Finlandia; Noruega";"Finland; Norway";-87.0000000000;-95.0000000000;-120.0000000000;;;;;3.0000000000;5.0000000000;3.0000000000;87.0000000000;95.0000000000;120.0000000000;;;;;3.0000000000;5.0000000000;3.0000000000;20;NIMA&MADTRAN
European 1950 GR;ED50;Grècia;Grecia;Greece;-84.0000000000;-95.0000000000;-130.0000000000;;;;;25.0000000000;25.0000000000;25.0000000000;84.0000000000;95.0000000000;130.0000000000;;;;;25.0000000000;25.0000000000;25.0000000000;2;NIMA&MADTRAN
European 1950 IR;ED50;Iran;Irán;Iran;-117.0000000000;-132.0000000000;-164.0000000000;;;;;9.0000000000;12.0000000000;11.0000000000;117.0000000000;132.0000000000;164.0000000000;;;;;9.0000000000;12.0000000000;11.0000000000;27;NIMA&MADTRAN
European 1950 IS;ED50;Itàlia (Sardenya);Italia (Cerdeña);Italy (Sardinia);-97.0000000000;-103.0000000000;-120.0000000000;;;;;25.0000000000;25.0000000000;25.0000000000;97.0000000000;103.0000000000;120.0000000000;;;;;25.0000000000;25.0000000000;25.0000000000;2;NIMA&MADTRAN
European 1950 II;ED50;Itàlia (Sicília);Italia (Sicilia);Italy (Sicily);-97.0000000000;-88.0000000000;-135.0000000000;;;;;20.0000000000;20.0000000000;20.0000000000;97.0000000000;88.0000000000;135.0000000000;;;;;20.0000000000;20.0000000000;20.0000000000;3;NIMA&MADTRAN
European 1950 MA;ED50;Malta;Malta;Malta;-107.0000000000;-88.0000000000;-149.0000000000;;;;;25.0000000000;25.0000000000;25.0000000000;107.0000000000;88.0000000000;149.0000000000;;;;;25.0000000000;25.0000000000;25.0000000000;1;NIMA&MADTRAN
European 1950 ABDF;ED50;"mitjana per a Àustria; Bèlgica; Dinamarca; Finlàndia; França; Alemanya de l'Oest; Gibraltar; Grècia; Itàlia; Luxemburg; Països Baixos; Noruega; Portugal; Espanya; Suècia; Suïssa";"media para Austria; Bélgica; Dinamarca; Finlandia; Francia; Alemania del Oeste; Gibraltar; Grecia; Italia; Luxemburgo; Países Bajos; Noruega; Portugal; España; Suecia; Suiza";"mean for Austria; Belgium; Denmark; Finland; France; W Germany; Gibraltar; Greece; Italy; Luxembourg; Netherlands; Norway; Portugal; Spain; Sweden; Switzerland";-87.0000000000;-98.0000000000;-121.0000000000;;;;;3.0000000000;8.0000000000;5.0000000000;87.0000000000;98.0000000000;121.0000000000;;;;;3.0000000000;8.0000000000;5.0000000000;85;NIMA&MADTRAN
European 1950 ADFG;ED50;"mitjana per a Àustria; Dinamarca; França; Alemanya de l'Oest; Països Baixos; Suïssa";"media para Austria; Dinamarca; Francia; Alemania del Oeste; Países Bajos; Suiza";"mean for Austria; Denmark; France; W Germany; Netherlands; Switzerland";-87.0000000000;-96.0000000000;-120.0000000000;;;;;3.0000000000;3.0000000000;3.0000000000;87.0000000000;96.0000000000;120.0000000000;;;;;3.0000000000;3.0000000000;3.0000000000;52;NIMA&MADTRAN
European 1950 IIJL;ED50;"mitjanatiu per a l'Iraq; Israel; Jordània; Líban; Kuwait; Aràbia Saudita; Síria";"mediativo para Irak; Israel; Jordania; Líbano; Kuwait; Arabia Saudita; Siria";"mean for Iraq; Israel; Jordan; Lebanon; Kuwait; Saudi Arabia; Syria";-103.0000000000;-106.0000000000;-141.0000000000;;;;;;;;103.0000000000;106.0000000000;141.0000000000;;;;;;;;0;NIMA&MADTRAN
European 1950 F IGN;ED50;França;Francia;France;-84.0000000000;-97.0000000000;-117.0000000000;;;;;;;;84.0000000000;97.0000000000;117.0000000000;;;;;;;;;IGN France. http://www.ign.fr/fr/TVCHARG/SGN/FAQ/FAQ6.pdf
European 1950 PS;ED50;"Portugal; Espanya";"Portugal; España";"Portugal; Spain";-84.0000000000;-107.0000000000;-120.0000000000;;;;;5.0000000000;6.0000000000;3.0000000000;84.0000000000;107.0000000000;120.0000000000;;;;;5.0000000000;6.0000000000;3.0000000000;18;NIMA&MADTRAN
European 1950 IP;ED50;Península Ibèrica;Península Ibérica;Iberian Peninsula;-87.0000000000;-98.0000000000;-121.0000000000;;;;;;;;87.0000000000;98.0000000000;121.0000000000;;;;;;;;;https://epsg.io/23030-15933
European 1950 Balearic;ED50;Illes Balears;Islas Baleares;Balearic Islands;-181.5000000000;-90.3000000000;-187.2000000000;0.144;0.492;-0.394;17.57;;;;181.5000000000;90.3000000000;187.2000000000;-0.144;-0.492;0.394;17.57;;;;;https://epsg.io/23030-1631 https://epsg.io/23029
European 1950 NW IP;ED50;NW Península Ibèrica;NW Península Ibérica;NW Iberian Peninsula;-178.4000000000;-83.2000000000;-221.3000000000;0.54;-0.532;-0.126;21.2;;;;178.4000000000;83.2000000000;221.3000000000;-0.540;0.532;0.126;21.2;;;;;https://epsg.io/23030-1635
European 1950 S IGN;ED50;Espanya;España;Spain;-131.0300000000;-100.2500000000;-163.3500000000;-1.244;-0.019;-1.144;9.39;;;;131.0300000000;100.2500000000;163.3500000000;1.244;0.019;1.144;9.39;;;;;EUREF. http://crs.ifag.de/description_trans.php
European 1950 S IGN 3P;ED50;Espanya;España;Spain;-86.8300000000;-105.9200000000;-123.3200000000;;;;;1.0500000000;3.8600000000;1.1400000000;86.8300000000;105.9200000000;123.3200000000;;;;;1.0500000000;3.8600000000;1.1400000000;18;IGN Spain. Mapping N38, p42-49
European 1950 ICC;ED50;Catalunya;Cataluña;Catalonia;-137.5819000000;-67.7414700000;-168.4598000000;-0.00000020630;-0.00000020630;1.44642184700;11.41056200000;;;;137.5819000000;67.7414700000;168.4598000000;0.00000020630;0.00000020630;-1.44642184700;-11.41043200000;;;;;UB/ICC
European 1950 TN;ED50;Tunísia;Túnez;Tunisia;-112.0000000000;-77.0000000000;-145.0000000000;;;;;25.0000000000;25.0000000000;25.0000000000;112.0000000000;77.0000000000;145.0000000000;;;;;25.0000000000;25.0000000000;25.0000000000;4;NIMA&MADTRAN
European 1979;ED79;"mitjana per a Àustria; Finlàndia; Països Baixos; Noruega; Espanya; Suècia; Suïssa";"media para Austria; Finlandia; Países Bajos; Noruega; España; Suecia; Suiza";"mean for Austria; Finland; Netherlands; Norway; Spain; Sweden; Switzerland";-86.0000000000;-98.0000000000;-119.0000000000;;;;;3.0000000000;3.0000000000;3.0000000000;86.0000000000;98.0000000000;119.0000000000;;;;;3.0000000000;3.0000000000;3.0000000000;22;NIMA&MADTRAN
Fort Thomas 1955;Fort Thomas 1955;"Illa de Nevis; Illa de Saint Kitts (Illes Leeward)";"Isla de Nevis; Isla de Saint Kitts (Islas Leeward)";"Nevis; St. Kitts (Leeward Islands)";-7.0000000000;215.0000000000;225.0000000000;;;;;25.0000000000;25.0000000000;25.0000000000;7.0000000000;-215.0000000000;-225.0000000000;;;;;25.0000000000;25.0000000000;25.0000000000;2;NIMA&MADTRAN
Gan 1970;Gan 1970;República de les Maldives;República de Maldivas;Republic of Maldives;-133.0000000000;-321.0000000000;50.0000000000;;;;;25.0000000000;25.0000000000;25.0000000000;133.0000000000;321.0000000000;-50.0000000000;;;;;25.0000000000;25.0000000000;25.0000000000;1;NIMA&MADTRAN
Geodetic Datum 1949;Geodetic Datum 1949;Nova Zelanda;Nueva Zelanda;New Zealand;84.0000000000;-22.0000000000;209.0000000000;;;;;5.0000000000;3.0000000000;5.0000000000;-84.0000000000;22.0000000000;-209.0000000000;;;;;5.0000000000;3.0000000000;5.0000000000;14;NIMA&MADTRAN
GGRS87;GGRS87;Grècia;Grecia;Greece;-199.8700000000;74.7900000000;246.6200000000;;;;;;;;199.8700000000;-74.7900000000;246.6200000000;;;;;;;;;PE&RS
Graciosa Base SW 1948;Graciosa Base SW 1948;"Açores (Faial; Graciosa; Pico; Sao Jorge; Terceira)";"Azores (Faial; Graciosa; Pico; Sao Jorge; Terceira)";"Azores (Faial; Graciosa; Pico; Sao Jorge; Terceira)";-104.0000000000;167.0000000000;-38.0000000000;;;;;3.0000000000;3.0000000000;3.0000000000;104.0000000000;-167.0000000000;38.0000000000;;;;;3.0000000000;3.0000000000;3.0000000000;5;NIMA&MADTRAN
Guam 1963;Guam 1963;Guam;Guam;Guam;-100.0000000000;-248.0000000000;259.0000000000;;;;;3.0000000000;3.0000000000;3.0000000000;100.0000000000;248.0000000000;-259.0000000000;;;;;3.0000000000;3.0000000000;3.0000000000;5;NIMA&MADTRAN
Gunung Segara;Gunung Segara;Indonèsia (Kalimantan);Indonesia (Kalimantán);Indonesia (Kalimantan);-403.0000000000;684.0000000000;41.0000000000;;;;;;;;403.0000000000;-684.0000000000;-41.0000000000;;;;;;;;0;NIMA&MADTRAN
GUX 1 Astro;GUX 1 Astro;Illa de Guadalcanal;Isla de Guadalcanal;Guadalcanal Island;252.0000000000;-209.0000000000;-751.0000000000;;;;;25.0000000000;25.0000000000;25.0000000000;-252.0000000000;209.0000000000;751.0000000000;;;;;25.0000000000;25.0000000000;25.0000000000;1;NIMA&MADTRAN
Herat North;Herat North;Afganistan;Afganistán;Afghanistan;-333.0000000000;-222.0000000000;114.0000000000;;;;;;;;333.0000000000;222.0000000000;-114.0000000000;;;;;;;;0;NIMA&MADTRAN
Hermannskogel Datum;Hermannskogel Datum;Croàcia - Sèrbia, Bòsnia-Hercegovina;Croacia - Serbia, Bosnia y Herzegovina;Croatia -Serbia, Bosnia-Herzegovina;653.0000000000;-212.0000000000;449.0000000000;;;;;;;;-653.0000000000;212.0000000000;-449.0000000000;;;;;;;;0;NIMA&MADTRAN
Hjorsey 1955;Hjorsey 1955;Islàndia;Islandia;Iceland;-73.0000000000;46.0000000000;-86.0000000000;;;;;3.0000000000;3.0000000000;6.0000000000;73.0000000000;-46.0000000000;86.0000000000;;;;;3.0000000000;3.0000000000;6.0000000000;6;NIMA&MADTRAN
Hong Kong 1963;Hong Kong 1963;Hong Kong;Hong Kong;Hong Kong;-156.0000000000;-271.0000000000;-189.0000000000;;;;;25.0000000000;25.0000000000;25.0000000000;156.0000000000;271.0000000000;189.0000000000;;;;;25.0000000000;25.0000000000;25.0000000000;2;NIMA&MADTRAN
Hu-Tzu-Shan;Hu-Tzu-Shan;Taiwan;Taiwán;Taiwan;-637.0000000000;-549.0000000000;-203.0000000000;;;;;15.0000000000;15.0000000000;15.0000000000;637.0000000000;549.0000000000;203.0000000000;;;;;15.0000000000;15.0000000000;15.0000000000;4;NIMA&MADTRAN
Indian B;Indian B;Bangla Desh;Bangladés (Bangladesh);Bangladesh;282.0000000000;726.0000000000;254.0000000000;;;;;10.0000000000;8.0000000000;12.0000000000;-282.0000000000;-726.0000000000;-254.0000000000;;;;;10.0000000000;8.0000000000;12.0000000000;6;NIMA&MADTRAN
Indian I;Indian I;"Índia; Nepal";"India; Nepal";"India; Nepal";295.0000000000;736.0000000000;257.0000000000;;;;;12.0000000000;10.0000000000;15.0000000000;-295.0000000000;-736.0000000000;-257.0000000000;;;;;12.0000000000;10.0000000000;15.0000000000;7;NIMA&MADTRAN
Indian P;Indian P;Pakistan;Pakistán;Pakistan;283.0000000000;682.0000000000;231.0000000000;;;;;;;;-283.0000000000;-682.0000000000;-231.0000000000;;;;;;;;0;NIMA&MADTRAN
Indian 1954;Indian 1954;Tailàndia;Tailandia;Thailand;217.0000000000;823.0000000000;299.0000000000;;;;;15.0000000000;6.0000000000;12.0000000000;-217.0000000000;-823.0000000000;-299.0000000000;;;;;15.0000000000;6.0000000000;12.0000000000;11;NIMA&MADTRAN
Indian 1960 CS;Indian 1960;Vietnam (Illa de Côn Son);Vietnam (Isla de Côn Son);Vietnam (Con Son Island);182.0000000000;915.0000000000;344.0000000000;;;;;25.0000000000;25.0000000000;25.0000000000;-182.0000000000;-915.0000000000;-344.0000000000;;;;;25.0000000000;25.0000000000;25.0000000000;1;NIMA&MADTRAN
Indian 1960 16N;Indian 1960;Vietnam (a prop de 16N);Vietnam (cerca de 16N);Vietnam (Near 16N);198.0000000000;881.0000000000;317.0000000000;;;;;25.0000000000;25.0000000000;25.0000000000;-198.0000000000;-881.0000000000;-317.0000000000;;;;;25.0000000000;25.0000000000;25.0000000000;2;NIMA&MADTRAN
Indian 1975;Indian 1975;Tailàndia;Tailandia;Thailand;210.0000000000;814.0000000000;289.0000000000;;;;;3.0000000000;2.0000000000;3.0000000000;-210.0000000000;-814.0000000000;-289.0000000000;;;;;3.0000000000;2.0000000000;3.0000000000;62;NIMA&MADTRAN
Indonesian 1974;Indonesian 1974;Indonèsia;Indonesia;Indonesia;-24.0000000000;-15.0000000000;5.0000000000;;;;;25.0000000000;25.0000000000;25.0000000000;24.0000000000;15.0000000000;-5.0000000000;;;;;25.0000000000;25.0000000000;25.0000000000;1;NIMA&MADTRAN
Ireland 1965;Ireland 1965;Irlanda;Irlanda;Ireland;506.0000000000;-122.0000000000;611.0000000000;;;;;3.0000000000;3.0000000000;3.0000000000;-506.0000000000;122.0000000000;-611.0000000000;;;;;3.0000000000;3.0000000000;3.0000000000;7;NIMA&MADTRAN
Israel 1989;Israel 1989;Israel;Israel;Israel;-23.5000000000;-18.1900000000;-17.7500000000;-0.3000000000;-1.840000000;1.640000000;5.430000000;;;;23.5000000000;18.1900000000;17.5300000000;0.300000000;1.940000000;-1.640000000;5.430000000;;;;;PERS
ISTS 061 Astro 1968;ISTS 061 Astro 1968;Illes Geòrgia del Sud;Islas Georgia del Sur;South Georgia Islands;-794.0000000000;119.0000000000;-298.0000000000;;;;;25.0000000000;25.0000000000;25.0000000000;794.0000000000;-119.0000000000;298.0000000000;;;;;25.0000000000;25.0000000000;25.0000000000;1;NIMA&MADTRAN
ISTS 073 Astro 1969;ISTS 073 Astro 1969;Diego Garcia;Diego García;Diego Garcia;208.0000000000;-435.0000000000;-229.0000000000;;;;;25.0000000000;25.0000000000;25.0000000000;-208.0000000000;435.0000000000;229.0000000000;;;;;25.0000000000;25.0000000000;25.0000000000;2;NIMA&MADTRAN
ITRF92;ITRF92;"Mèxic; altres als fusos UTM 13, 14 i 15";"México; otros en los husos UTM 13, 14 y 15";"Mexico; others in UTM zones 13, 14 and 15";0.0000000000;0.0000000000;0.0000000000;;;;;;;;0.0000000000;0.0000000000;0.0000000000;;;;;;;;;
Johnston Island 1961;Johnston Island 1961;Illa Johnston;Isla Johnston;Johnston Island;189.0000000000;-79.0000000000;-202.0000000000;;;;;25.0000000000;25.0000000000;25.0000000000;-189.0000000000;79.0000000000;202.0000000000;;;;;25.0000000000;25.0000000000;25.0000000000;1;NIMA&MADTRAN
Kandawala;Kandawala;Sri Lanka;Sri Lanka;Sri Lanka;-97.0000000000;787.0000000000;86.0000000000;;;;;20.0000000000;20.0000000000;20.0000000000;97.0000000000;-787.0000000000;-86.0000000000;;;;;20.0000000000;20.0000000000;20.0000000000;3;NIMA&MADTRAN
Kerguelen Island 1949;Kerguelen Island 1949;Illa Kerguelen;Isla Kerguelen;Kerguelen Island;145.0000000000;-187.0000000000;103.0000000000;;;;;25.0000000000;25.0000000000;25.0000000000;-145.0000000000;187.0000000000;-103.0000000000;;;;;25.0000000000;25.0000000000;25.0000000000;1;NIMA&MADTRAN
Kertau 1948;Kertau 1948;Malàisia occidental i Singapur;Malasia occidental y Singapur;West Malaysia & Singapore;-11.0000000000;851.0000000000;5.0000000000;;;;;10.0000000000;8.0000000000;6.0000000000;11.0000000000;-851.0000000000;-5.0000000000;;;;;10.0000000000;8.0000000000;6.0000000000;6;NIMA&MADTRAN
KKJ Finland;KKJ Finland;Finlàndia;Finlandia;Finland;-96.0620000000;-82.42800000000;-121.7540000000;-4.8010000000;-0.3450000000;1.376000000;1.4960000000;;;;96.0620000000;82.42800000000;121.7540000000;4.8010000000;0.3450000000;-1.376000000;-1.4960000000;;;;;http://www.kolumbus.fi/eino.uikkanen/geodocsgb/ficoords.htm
Kusaie Astro 1951;Kusaie Astro 1951;Illes Carolines;Islas Carolinas;Caroline Islands;647.0000000000;1777.0000000000;-1124.0000000000;;;;;25.0000000000;25.0000000000;25.0000000000;-647.0000000000;-1777.0000000000;1124.0000000000;;;;;25.0000000000;25.0000000000;25.0000000000;1;NIMA&MADTRAN
Korean Geodetic System;Korean Geodetic System;Corea del Sud;Corea del Sur;South Korea;0.0000000000;0.0000000000;0.0000000000;;;;;2.0000000000;2.0000000000;2.0000000000;0.0000000000;0.0000000000;0.0000000000;;;;;2.0000000000;2.0000000000;2.0000000000;12;NIMA&MADTRAN
L. C. 5 Astro 1961;L. C. 5 Astro 1961;Illa Cayman Brac (Illes Caiman);Isla Caimán Brac (Islas Caimán);Cayman Brac Island;42.0000000000;124.0000000000;147.0000000000;;;;;25.0000000000;25.0000000000;25.0000000000;-42.0000000000;-124.0000000000;-147.0000000000;;;;;25.0000000000;25.0000000000;25.0000000000;1;NIMA&MADTRAN
Leigon;Leigon;Ghana;Ghana;Ghana;-130.0000000000;29.0000000000;364.0000000000;;;;;2.0000000000;3.0000000000;2.0000000000;130.0000000000;-29.0000000000;-364.0000000000;;;;;2.0000000000;3.0000000000;2.0000000000;8;NIMA&MADTRAN
Liberia 1964;Liberia 1964;Libèria;Liberia;Liberia;-90.0000000000;40.0000000000;88.0000000000;;;;;15.0000000000;15.0000000000;15.0000000000;90.0000000000;-40.0000000000;-88.0000000000;;;;;15.0000000000;15.0000000000;15.0000000000;4;NIMA&MADTRAN
Lisboa 1937;Lisboa 1937;Portugal;Portugal;Portugal;-282.1000000000;-72.2000000000;120.0000000000;-1.5920000000;0.1450000000;-0.8900000000;-4.4600000000;;;;282.1000000000;72.2000000000;-120.0000000000;1.5920000000;-0.1450000000;0.8900000000;4.4600000000;;;;;EPSG
Lisboa;Lisboa;Portugal;Portugal;Portugal;-288.8850000000;-91.7440000000;126.2440000000;1.6900000000;0.4100000000;0.2100000000;-4.6000000000;;;;288.8850000000;91.7440000000;-126.2440000000;-1.6900000000;-0.4100000000;-0.2100000000;4.6000000000;;;;;
Luzon P;Luzon;Filipines (excepte Mindanao);Filipinas (excepto Mindanao);Philippines (Excluding Mindanao);-133.0000000000;-77.0000000000;-51.0000000000;;;;;8.0000000000;11.0000000000;9.0000000000;133.0000000000;77.0000000000;51.0000000000;;;;;8.0000000000;11.0000000000;9.0000000000;6;NIMA&MADTRAN
Luzon M;Luzon;Filipines (Mindanao);Filipinas (Mindanao);Philippines (Mindanao);-133.0000000000;-79.0000000000;-72.0000000000;;;;;25.0000000000;25.0000000000;25.0000000000;133.0000000000;79.0000000000;72.0000000000;;;;;25.0000000000;25.0000000000;25.0000000000;1;NIMA&MADTRAN
M'Poraloko;M'Poraloko;Gabon;Gabón;Gabon;-74.0000000000;-130.0000000000;42.0000000000;;;;;25.0000000000;25.0000000000;25.0000000000;74.0000000000;130.0000000000;-42.0000000000;;;;;25.0000000000;25.0000000000;25.0000000000;1;NIMA&MADTRAN
Madrid 1870;Madrid 1870;Espanya;España;Spain;-204.5460000000;52.6110000000;142.8330000000;0.5429508495;0.5572037476;1.7840668152;11.5150000000;;;;204.5460000000;-52.6110000000;-142.8330000000;-0.5429508495;-0.5572037476;-1.7840668152;-11.5150000000;;;;;Assumpció Térmens (ICC)
Mahe 1971;Mahe 1971;Seychelles;Seychelles;Seychelles;41.0000000000;-220.0000000000;-134.0000000000;;;;;25.0000000000;25.0000000000;25.0000000000;-41.0000000000;220.0000000000;134.0000000000;;;;;25.0000000000;25.0000000000;25.0000000000;1;NIMA&MADTRAN
Massawa;Massawa;Massaua (Eritrea, Etiòpia);Massawa (Eritrea, Etiopía);Massawa (Eritrea, Ethiopia);639.0000000000;405.0000000000;60.0000000000;;;;;25.0000000000;25.0000000000;25.0000000000;-639.0000000000;-405.0000000000;-60.0000000000;;;;;25.0000000000;25.0000000000;25.0000000000;1;NIMA&MADTRAN
Merchich;Merchich;el Marroc;Marruecos;Morocco;31.0000000000;146.0000000000;47.0000000000;;;;;5.0000000000;3.0000000000;3.0000000000;-31.0000000000;-146.0000000000;-47.0000000000;;;;;5.0000000000;3.0000000000;3.0000000000;9;NIMA&MADTRAN
MGI 1901;MGI 1901;"Bòsnia i Hercegovina; Croàcia";"Bosnia y Herzegovina; Croacia";"Boznia and Herzegovina; Croatia";682.0000000000;-203.0000000000;480.0000000000;;;;;;;;-682.0000000000;203.0000000000;-480.0000000000;;;;;;;;;epsg.io library
Midway Astro 1961;Midway Astro 1961;Illes Midway;Islas Midway;Midway Islands;912.0000000000;-58.0000000000;1227.0000000000;;;;;25.0000000000;25.0000000000;25.0000000000;-912.0000000000;58.0000000000;-1227.0000000000;;;;;25.0000000000;25.0000000000;25.0000000000;1;NIMA&MADTRAN
Minna C;Minna;Camerun;Camerún;Cameroon;-81.0000000000;-84.0000000000;115.0000000000;;;;;25.0000000000;25.0000000000;25.0000000000;81.0000000000;84.0000000000;-115.0000000000;;;;;25.0000000000;25.0000000000;25.0000000000;2;NIMA&MADTRAN
Minna N;Minna;Nigèria;Nigeria;Nigeria;-92.0000000000;-93.0000000000;122.0000000000;;;;;3.0000000000;6.0000000000;5.0000000000;92.0000000000;93.0000000000;-122.0000000000;;;;;3.0000000000;6.0000000000;5.0000000000;6;NIMA&MADTRAN
Monte Mario;Monte Mario;Itàlia;Italia;Italy;-104.1000000000;-49.1000000000;-9.9000000000;0.9710000000;-2.9170000000;0.7140000000;-11.6800000000;;;;104.1000000000;49.1000000000;9.9000000000;-0.9710000000;2.9170000000;-0.7140000000;-11.6800000000;;;;;https://epsg.io/1660
Montserrat Island Astro 1958;Montserrat Island Astro 1958;Illa de Montserrat;Isla de Montserrat;Montserrat Island;174.0000000000;359.0000000000;365.0000000000;;;;;25.0000000000;25.0000000000;25.0000000000;-174.0000000000;-359.0000000000;-365.0000000000;;;;;25.0000000000;25.0000000000;25.0000000000;1;NIMA&MADTRAN
Nahrwan O;Nahrwan;Oman (Illa de Masirah);Omán (Isla de Masirah);Oman (Masirah Island);-247.0000000000;-148.0000000000;369.0000000000;;;;;25.0000000000;25.0000000000;25.0000000000;247.0000000000;148.0000000000;-369.0000000000;;;;;25.0000000000;25.0000000000;25.0000000000;2;NIMA&MADTRAN
Nahrwan SA;Nahrwan;Aràbia Saudita;Arabia Saudita;Saudi Arabia;-243.0000000000;-192.0000000000;477.0000000000;;;;;20.0000000000;20.0000000000;20.0000000000;243.0000000000;192.0000000000;-477.0000000000;;;;;20.0000000000;20.0000000000;20.0000000000;3;NIMA&MADTRAN
Nahrwan UE;Nahrwan;Emirats Àrabs Units;Emiratos Árabes Unidos;United Arab Emirates;-249.0000000000;-156.0000000000;381.0000000000;;;;;25.0000000000;25.0000000000;25.0000000000;249.0000000000;156.0000000000;-381.0000000000;;;;;25.0000000000;25.0000000000;25.0000000000;2;NIMA&MADTRAN
Naparima BWI;Naparima BWI;Trinitat i Tobago;Trinidad y Tobago;Trinidad & Tobago;-10.0000000000;375.0000000000;165.0000000000;;;;;15.0000000000;15.0000000000;15.0000000000;10.0000000000;-375.0000000000;-165.0000000000;;;;;15.0000000000;15.0000000000;15.0000000000;4;NIMA&MADTRAN
North American 1927 AA;North American 1927;Alaska (excepte les Illes Aleutianes);Alaska (excepto las Islas Aleutianas);Alaska (excluding Aleutian Ids);-5.0000000000;135.0000000000;172.0000000000;;;;;5.0000000000;9.0000000000;5.0000000000;5.0000000000;-135.0000000000;-172.0000000000;;;;;5.0000000000;9.0000000000;5.0000000000;47;NIMA&MADTRAN
North American 1927 AE;North American 1927;Alaska (Illes Aleutianes a l'est de 180W);Alaska (Islas Aleutianas al este de 180W);Alaska (Aleutian Ids East of 180W);-2.0000000000;152.0000000000;149.0000000000;;;;;6.0000000000;8.0000000000;10.0000000000;2.0000000000;-152.0000000000;-149.0000000000;;;;;6.0000000000;8.0000000000;10.0000000000;6;NIMA&MADTRAN
North American 1927 AW;North American 1927;Alaska (Illes Aleutians a l'oest de 180W);Alaska (Islas Aleutianas al oeste de 180W);Alaska (Aleutian Ids West of 180W);2.0000000000;204.0000000000;105.0000000000;;;;;10.0000000000;10.0000000000;10.0000000000;-2.0000000000;-204.0000000000;-105.0000000000;;;;;10.0000000000;10.0000000000;10.0000000000;5;NIMA&MADTRAN
North American 1927 B;North American 1927;Bahames (excepte l'Illa de San Salvador, o Illa de Watling);Bahamas (excepto la Isla de San Salvador, o Isla de Watling);Bahamas (except San Salvador Id);-4.0000000000;154.0000000000;178.0000000000;;;;;5.0000000000;3.0000000000;5.0000000000;4.0000000000;-154.0000000000;-178.0000000000;;;;;5.0000000000;3.0000000000;5.0000000000;11;NIMA&MADTRAN
North American 1927 SS;North American 1927;Bahames (Illa de San Salvador, o Illa de Watling);Bahamas (Isla de San Salvador, o Isla de Watling);Bahamas (San Salvador Island);1.0000000000;140.0000000000;165.0000000000;;;;;25.0000000000;25.0000000000;25.0000000000;-1.0000000000;-140.0000000000;-165.0000000000;;;;;25.0000000000;25.0000000000;25.0000000000;1;NIMA&MADTRAN
North American 1927 CA;North American 1927;"Canadà (Alberta; Colúmbia Britànica)";"Canadá (Alberta; Columbia Británica)";"Canada (Alberta; British Columbia)";-7.0000000000;162.0000000000;188.0000000000;;;;;8.0000000000;8.0000000000;6.0000000000;7.0000000000;-162.0000000000;-188.0000000000;;;;;8.0000000000;8.0000000000;6.0000000000;25;NIMA&MADTRAN
North American 1927 CM;North American 1927;"Canadà (Manitoba; Ontario)";"Canadá (Manitoba; Ontario)";"Canada (Manitoba; Ontario)";-9.0000000000;157.0000000000;184.0000000000;;;;;9.0000000000;5.0000000000;5.0000000000;9.0000000000;-157.0000000000;-184.0000000000;;;;;9.0000000000;5.0000000000;5.0000000000;25;NIMA&MADTRAN
North American 1927 CB;North American 1927;"Canadà (Nou Brunsvic; Terranova; Nova Escòcia; Quebec)";"Canadá (Nuevo Brunsvic; Terranova; Nueva Escocia; Quebec)";"Canada (New Brunswick; Newfoundland; Nova Scotia; Quebec)";-22.0000000000;160.0000000000;190.0000000000;;;;;6.0000000000;6.0000000000;3.0000000000;22.0000000000;-160.0000000000;-190.0000000000;;;;;6.0000000000;6.0000000000;3.0000000000;37;NIMA&MADTRAN
North American 1927 CN;North American 1927;"Canadà (Territoris del Nord-oest; Saskatchewan)";"Canadá (Territorios del Noroeste; Saskatchewan)";"Canada (Northwest Territories; Saskatchewan)";4.0000000000;159.0000000000;188.0000000000;;;;;5.0000000000;5.0000000000;3.0000000000;-4.0000000000;-159.0000000000;-188.0000000000;;;;;5.0000000000;5.0000000000;3.0000000000;17;NIMA&MADTRAN
North American 1927 CY;North American 1927;Canadà (Yukon);Canadá (Yukon);Canada (Yukon);-7.0000000000;139.0000000000;181.0000000000;;;;;5.0000000000;8.0000000000;3.0000000000;7.0000000000;-139.0000000000;-181.0000000000;;;;;5.0000000000;8.0000000000;3.0000000000;8;NIMA&MADTRAN
North American 1927 CZ;North American 1927;Zona del Canal (Panamà);Zona del Canal (Panamá);Canal Zone (Panama);0.0000000000;125.0000000000;201.0000000000;;;;;20.0000000000;20.0000000000;20.0000000000;0.0000000000;-125.0000000000;-201.0000000000;;;;;20.0000000000;20.0000000000;20.0000000000;3;NIMA&MADTRAN
North American 1927 CU;North American 1927;Cuba;Cuba;Cuba;-9.0000000000;152.0000000000;178.0000000000;;;;;25.0000000000;25.0000000000;25.0000000000;9.0000000000;-152.0000000000;-178.0000000000;;;;;25.0000000000;25.0000000000;25.0000000000;1;NIMA&MADTRAN
North American 1927 GL;North American 1927;Groenlàndia (Península de Hayes);Groenlandia (Península de Hayes);Greenland (Hayes Peninsula);11.0000000000;114.0000000000;195.0000000000;;;;;25.0000000000;25.0000000000;25.0000000000;-11.0000000000;-114.0000000000;-195.0000000000;;;;;25.0000000000;25.0000000000;25.0000000000;2;NIMA&MADTRAN
North American 1927 AB;North American 1927;"mitjana per a Antigua; Barbados; Barbuda; Illes Caicos; Cuba; República Dominicana; Gran Caiman; Jamaica; Illes Turks";"media para Antigua; Barbados; Barbuda; Islas Caicos; Cuba; República Dominicana; Gran Caimán; Jamaica; Islas Turcas";"mean for Antigua; Barbados; Barbuda; Caicos Islands; Cuba; Dominican Republic; Grand Cayman; Jamaica; Turks Islands";-3.0000000000;142.0000000000;183.0000000000;;;;;3.0000000000;9.0000000000;12.0000000000;3.0000000000;-142.0000000000;-183.0000000000;;;;;3.0000000000;9.0000000000;12.0000000000;15;NIMA&MADTRAN
North American 1927 BC;North American 1927;"mitjana per a Belize; Costa Rica; El Salvador; Guatemala; Hondures; Nicaragua";"media para Belice; Costa Rica; El Salvador; Guatemala; Honduras; Nicaragua";"mean for Belize; Costa Rica; El Salvador; Guatemala; Honduras; Nicaragua";0.0000000000;125.0000000000;194.0000000000;;;;;8.0000000000;3.0000000000;5.0000000000;0.0000000000;-125.0000000000;-194.0000000000;;;;;8.0000000000;3.0000000000;5.0000000000;19;NIMA&MADTRAN
North American 1927 CD;North American 1927;mitjana per al Canadà;media para Canadá;mean for Canada;-10.0000000000;158.0000000000;187.0000000000;;;;;15.0000000000;11.0000000000;6.0000000000;10.0000000000;-158.0000000000;-187.0000000000;;;;;15.0000000000;11.0000000000;6.0000000000;112;NIMA&MADTRAN
North American 1927 CO;North American 1927;mitjana dels EEUU contigus;media de los EEUU contiguos;mean for conterminous United States;-8.0000000000;160.0000000000;176.0000000000;;;;;5.0000000000;5.0000000000;6.0000000000;8.0000000000;-160.0000000000;-176.0000000000;;;;;5.0000000000;5.0000000000;6.0000000000;405;NIMA&MADTRAN
North American 1927 CE;North American 1927;"mitjana dels EEUU contigus (a l'est del riu Mississipí, inclòs Louisiana; Missouri; Minnesota)";"media de los EEUU contiguos (al este del río Misisipi, incluido Luisiana; Missouri; Minnesota)";"mean for conterminous United States (East of Mississippi; River Including Louisiana; Missouri; Minnesota)";-9.0000000000;161.0000000000;179.0000000000;;;;;5.0000000000;5.0000000000;8.0000000000;9.0000000000;-161.0000000000;-179.0000000000;;;;;5.0000000000;5.0000000000;8.0000000000;129;NIMA&MADTRAN
North American 1927 CW;North American 1927;"mitjana dels EEUU contigus (a l'oest del riu Mississipí, sense Louisiana; Minnesota; Missouri)";"media de los EEUU contiguos (al oeste del río Misisipi, sin Luisiana; Minnesota; Missouri)";"mean for conterminous United States (West of Mississippi; River Excluding Louisiana; Minnesota; Missouri)";-8.0000000000;159.0000000000;175.0000000000;;;;;5.0000000000;3.0000000000;3.0000000000;8.0000000000;-159.0000000000;-175.0000000000;;;;;5.0000000000;3.0000000000;3.0000000000;276;NIMA&MADTRAN
North American 1927 MX;North American 1927;Mèxic;México;Mexico;-12.0000000000;130.0000000000;190.0000000000;;;;;8.0000000000;6.0000000000;6.0000000000;12.0000000000;-130.0000000000;-190.0000000000;;;;;8.0000000000;6.0000000000;6.0000000000;22;NIMA&MADTRAN
North American 1983 AA;North American 1983;Alaska (excepte les Illes Aleutianes);Alaska (excepto las Islas Aleutianas);Alaska (Excluding Aleutian Ids);0.0000000000;0.0000000000;0.0000000000;;;;;2.0000000000;2.0000000000;2.0000000000;0.0000000000;0.0000000000;0.0000000000;;;;;2.0000000000;2.0000000000;2.0000000000;42;NIMA&MADTRAN
North American 1983 AL;North American 1983;Illes Aleutianes;Islas Aleutianas;Aleutian Ids;-2.0000000000;0.0000000000;4.0000000000;;;;;5.0000000000;2.0000000000;5.0000000000;2.0000000000;0.0000000000;-4.0000000000;;;;;5.0000000000;2.0000000000;5.0000000000;4;NIMA&MADTRAN
North American 1983 CA;North American 1983;Canadà;Canadá;Canada;0.0000000000;0.0000000000;0.0000000000;;;;;2.0000000000;2.0000000000;2.0000000000;0.0000000000;0.0000000000;0.0000000000;;;;;2.0000000000;2.0000000000;2.0000000000;96;NIMA&MADTRAN
North American 1983 CO;North American 1983;EEUU contigus;EEUU contiguos;conterminous United States;0.0000000000;0.0000000000;0.0000000000;;;;;2.0000000000;2.0000000000;2.0000000000;0.0000000000;0.0000000000;0.0000000000;;;;;2.0000000000;2.0000000000;2.0000000000;216;NIMA&MADTRAN
North American 1983 HA;North American 1983;Hawaii;Hawaii;Hawaii;1.0000000000;1.0000000000;-1.0000000000;;;;;2.0000000000;2.0000000000;2.0000000000;-1.0000000000;-1.0000000000;1.0000000000;;;;;2.0000000000;2.0000000000;2.0000000000;6;NIMA&MADTRAN
North American 1983 MX;North American 1983;"Mèxic; Amèrica Central";"México; América Central";"Mexico; Central America";0.0000000000;0.0000000000;0.0000000000;;;;;2.0000000000;2.0000000000;2.0000000000;0.0000000000;0.0000000000;0.0000000000;;;;;2.0000000000;2.0000000000;2.0000000000;25;NIMA&MADTRAN
North Sahara 1959;North Sahara 1959;Algèria;Argelia;Algeria;-186.0000000000;-93.0000000000;310.0000000000;;;;;25.0000000000;25.0000000000;25.0000000000;186.0000000000;93.0000000000;-310.0000000000;;;;;25.0000000000;25.0000000000;25.0000000000;3;NIMA&MADTRAN
NTF;NTF;"França; Andorra (zona III)";"Francia; Andorra (zona III)";"France; Andorra (zone III)";-168.0000000000;-60.0000000000;320.0000000000;;;;;;;;168.0000000000;60.0000000000;-320.0000000000;;;;;;;;;IGN France. http://www.ign.fr/fr/TVCHARG/SGN/FAQ/FAQ6.pdf
Observatorio Meteorologico 1939;Observatorio Meteorologico 1939;Açores (Illes Corvo i Flores);Azores (Islas Corvo y Flores);Azores (Corvo & Flores Islands);-425.0000000000;-169.0000000000;81.0000000000;;;;;20.0000000000;20.0000000000;20.0000000000;425.0000000000;169.0000000000;-81.0000000000;;;;;20.0000000000;20.0000000000;20.0000000000;3;NIMA&MADTRAN
Old Egyptian 1907;Old Egyptian 1907;Egipte;Egipto;Egypt;-130.0000000000;110.0000000000;-13.0000000000;;;;;3.0000000000;6.0000000000;8.0000000000;130.0000000000;-110.0000000000;13.0000000000;;;;;3.0000000000;6.0000000000;8.0000000000;14;NIMA&MADTRAN
Old Hawaiian H;Old Hawaiian;Hawaii;Hawaii;Hawaii;89.0000000000;-279.0000000000;-183.0000000000;;;;;25.0000000000;25.0000000000;25.0000000000;-89.0000000000;279.0000000000;183.0000000000;;;;;25.0000000000;25.0000000000;25.0000000000;2;NIMA&MADTRAN
Old Hawaiian K;Old Hawaiian;Kauai;Kauai;Kauai;45.0000000000;-290.0000000000;-172.0000000000;;;;;20.0000000000;20.0000000000;20.0000000000;-45.0000000000;290.0000000000;172.0000000000;;;;;20.0000000000;20.0000000000;20.0000000000;3;NIMA&MADTRAN
Old Hawaiian M;Old Hawaiian;Maui;Maui;Maui;65.0000000000;-290.0000000000;-190.0000000000;;;;;25.0000000000;25.0000000000;25.0000000000;-65.0000000000;290.0000000000;190.0000000000;;;;;25.0000000000;25.0000000000;25.0000000000;2;NIMA&MADTRAN
Old Hawaiian G;Old Hawaiian;"mitjana per a Hawaii; Kauai; Maui; Oahu";"media para Hawai; Kauai; Maui; Oahu";"mean for Hawaii; Kauai; Maui; Oahu";61.0000000000;-285.0000000000;-181.0000000000;;;;;25.0000000000;20.0000000000;20.0000000000;-61.0000000000;285.0000000000;181.0000000000;;;;;25.0000000000;20.0000000000;20.0000000000;15;NIMA&MADTRAN
Old Hawaiian O;Old Hawaiian;Oahu;Oahu;Oahu;58.0000000000;-283.0000000000;-182.0000000000;;;;;10.0000000000;6.0000000000;6.0000000000;-58.0000000000;283.0000000000;182.0000000000;;;;;10.0000000000;6.0000000000;6.0000000000;8;NIMA&MADTRAN
Oman;Oman;Oman;Omán;Oman;-346.0000000000;-1.0000000000;224.0000000000;;;;;3.0000000000;3.0000000000;9.0000000000;346.0000000000;1.0000000000;-224.0000000000;;;;;3.0000000000;3.0000000000;9.0000000000;7;NIMA&MADTRAN
Ordnance Survey Great Britain 1936 E;Ordnance Survey Great Britain 1936;Anglaterra;Inglaterra;England;371.0000000000;-112.0000000000;434.0000000000;;;;;5.0000000000;5.0000000000;6.0000000000;-371.0000000000;112.0000000000;-434.0000000000;;;;;5.0000000000;5.0000000000;6.0000000000;21;NIMA&MADTRAN
Ordnance Survey Great Britain 1936 EW;Ordnance Survey Great Britain 1936;"Anglaterra; Illa de Man; Gal·les";"Inglaterra; Isla de Man; Gales";"England; Isle of Man; Wales";371.0000000000;-111.0000000000;434.0000000000;;;;;10.0000000000;10.0000000000;15.0000000000;-371.0000000000;111.0000000000;-434.0000000000;;;;;10.0000000000;10.0000000000;15.0000000000;25;NIMA&MADTRAN
Ordnance Survey Great Britain 1936 M;Ordnance Survey Great Britain 1936;"mitjana per a Anglaterra; Illa de Man; Escòcia; Illes Shetland; Gal·les";"media para Inglaterra; Isla de Man; Escocia; Islas Shetland; Gales";"mean for England; Isle of Man; Scotland; Shetland Islands; Wales";375.0000000000;-111.0000000000;431.0000000000;;;;;10.0000000000;10.0000000000;15.0000000000;-375.0000000000;111.0000000000;-431.0000000000;;;;;10.0000000000;10.0000000000;15.0000000000;38;NIMA&MADTRAN
Ordnance Survey Great Britain 1936 SS;Ordnance Survey Great Britain 1936;"Escòcia; Illes Shetland";"Escocia; Islas Shetland";"Scotland; Shetland Islands";384.0000000000;-111.0000000000;425.0000000000;;;;;10.0000000000;10.0000000000;10.0000000000;-384.0000000000;111.0000000000;-425.0000000000;;;;;10.0000000000;10.0000000000;10.0000000000;13;NIMA&MADTRAN
Ordnance Survey Great Britain 1936 W;Ordnance Survey Great Britain 1936;Gal·les;Gales;Wales;370.0000000000;-108.0000000000;434.0000000000;;;;;20.0000000000;20.0000000000;20.0000000000;-370.0000000000;108.0000000000;-434.0000000000;;;;;20.0000000000;20.0000000000;20.0000000000;3;NIMA&MADTRAN
Pico de las Nieves;Pico de las Nieves;Illes Canàries;Islas Canarias;Canary Islands;-307.0000000000;-92.0000000000;127.0000000000;;;;;25.0000000000;25.0000000000;25.0000000000;307.0000000000;92.0000000000;-127.0000000000;;;;;25.0000000000;25.0000000000;25.0000000000;1;NIMA&MADTRAN
Pitcairn Astro 1967;Pitcairn Astro 1967;Illa Pitcairn;Isla Pitcairn;Pitcairn Island;185.0000000000;165.0000000000;42.0000000000;;;;;25.0000000000;25.0000000000;25.0000000000;-185.0000000000;-165.0000000000;-42.0000000000;;;;;25.0000000000;25.0000000000;25.0000000000;1;NIMA&MADTRAN
Point 58;Point 58;mitjana per a Burkina Faso i Níger;media para Burkina Faso y Níger;mean for Burkina Faso & Niger;-106.0000000000;-129.0000000000;165.0000000000;;;;;25.0000000000;25.0000000000;25.0000000000;106.0000000000;129.0000000000;-165.0000000000;;;;;25.0000000000;25.0000000000;25.0000000000;1;NIMA&MADTRAN
Pointe Noire 1948;Pointe Noire 1948;Congo;Congo;Congo;-148.0000000000;51.0000000000;-291.0000000000;;;;;25.0000000000;25.0000000000;25.0000000000;148.0000000000;-51.0000000000;291.0000000000;;;;;25.0000000000;25.0000000000;25.0000000000;1;NIMA&MADTRAN
Porto Santo 1936;Porto Santo 1936;Illes de Madeira;Islas de Madeira;Madeira Islands;-499.0000000000;-249.0000000000;314.0000000000;;;;;25.0000000000;25.0000000000;25.0000000000;499.0000000000;249.0000000000;-314.0000000000;;;;;25.0000000000;25.0000000000;25.0000000000;2;NIMA&MADTRAN
PosGAR 1998;PosGAR 1998;Argentina;Argentina;Argentina;0.0000000000;0.0000000000;0.0000000000;;;;;;;;;;;;;;;;;;;EPSG Version 6.2.2. http://www.epsg.org
Provisional South American 1956 B;Provisional South American 1956;Bolívia;Bolivia;Bolivia;-270.0000000000;188.0000000000;-388.0000000000;;;;;5.0000000000;11.0000000000;14.0000000000;270.0000000000;-188.0000000000;388.0000000000;;;;;5.0000000000;11.0000000000;14.0000000000;5;NIMA&MADTRAN
Provisional South American 1956 CN;Provisional South American 1956;"Xile (nord; prop de 19S)";"Chile (norte; cerca de 19S)";"Chile (Northern; Near 19S)";-270.0000000000;183.0000000000;-390.0000000000;;;;;25.0000000000;25.0000000000;25.0000000000;270.0000000000;-183.0000000000;390.0000000000;;;;;25.0000000000;25.0000000000;25.0000000000;1;NIMA&MADTRAN
Provisional South American 1956 CS;Provisional South American 1956;"Xile (sud; prop de 43S)";"Chile (sur; cerca de 43S)";"Chile (Southern; Near 43S)";-305.0000000000;243.0000000000;-442.0000000000;;;;;20.0000000000;20.0000000000;20.0000000000;305.0000000000;-243.0000000000;442.0000000000;;;;;20.0000000000;20.0000000000;20.0000000000;3;NIMA&MADTRAN
Provisional South American 1956 CO;Provisional South American 1956;Colòmbia;Colombia;Colombia;-282.0000000000;169.0000000000;-371.0000000000;;;;;15.0000000000;15.0000000000;15.0000000000;282.0000000000;-169.0000000000;371.0000000000;;;;;15.0000000000;15.0000000000;15.0000000000;4;NIMA&MADTRAN
Provisional South American 1956 E;Provisional South American 1956;Equador;Ecuador;Ecuador;-278.0000000000;171.0000000000;-367.0000000000;;;;;3.0000000000;5.0000000000;3.0000000000;278.0000000000;-171.0000000000;367.0000000000;;;;;3.0000000000;5.0000000000;3.0000000000;11;NIMA&MADTRAN
Provisional South American 1956 G;Provisional South American 1956;Guyana;Guyana;Guyana;-298.0000000000;159.0000000000;-369.0000000000;;;;;6.0000000000;14.0000000000;5.0000000000;298.0000000000;-159.0000000000;369.0000000000;;;;;6.0000000000;14.0000000000;5.0000000000;9;NIMA&MADTRAN
Provisional South American 1956 BC;Provisional South American 1956;"mitjana per a Bolívia; Xile; Colòmbia; Equador; Guyana; Perú; Veneçuela";"media para Bolivia; Chile; Colombia; Ecuador; Guyana; Perú; Venezuela";"mean for Bolivia; Chile; Colombia; Ecuador; Guyana; Peru; Venezuela";-288.0000000000;175.0000000000;-376.0000000000;;;;;17.0000000000;27.0000000000;27.0000000000;288.0000000000;-175.0000000000;376.0000000000;;;;;17.0000000000;27.0000000000;27.0000000000;63;NIMA&MADTRAN
Provisional South American 1956 P;Provisional South American 1956;Perú;Perú;Peru;-279.0000000000;175.0000000000;-379.0000000000;;;;;6.0000000000;8.0000000000;12.0000000000;279.0000000000;-175.0000000000;379.0000000000;;;;;6.0000000000;8.0000000000;12.0000000000;6;NIMA&MADTRAN
Provisional South American 1956 V;Provisional South American 1956;Veneçuela;Venezuela;Venezuela;-295.0000000000;173.0000000000;-371.0000000000;;;;;9.0000000000;14.0000000000;15.0000000000;295.0000000000;-173.0000000000;371.0000000000;;;;;9.0000000000;14.0000000000;15.0000000000;24;NIMA&MADTRAN
Provisional South Chilean 1963;Provisional South Chilean 1963;Xile (a prop de 53S) (Hito XVIII);Chile (cerca de 53S) (Hito XVIII);Chile (Near 53S) (Hito XVIII);16.0000000000;196.0000000000;93.0000000000;;;;;25.0000000000;25.0000000000;25.0000000000;-16.0000000000;-196.0000000000;-93.0000000000;;;;;25.0000000000;25.0000000000;25.0000000000;2;NIMA&MADTRAN
Puerto Rico;Puerto Rico;Puerto Rico;Puerto Rico;Puerto Rico;11.0000000000;72.0000000000;-101.0000000000;;;;;3.0000000000;3.0000000000;3.0000000000;-11.0000000000;-72.0000000000;101.0000000000;;;;;3.0000000000;3.0000000000;3.0000000000;11;NIMA&MADTRAN
Pulkovo 1942;Pulkovo 1942;Rússia;Rusia;Russia;28.0000000000;-130.0000000000;-95.0000000000;;;;;;;;-28.0000000000;130.0000000000;95.0000000000;;;;;;;;0;NIMA&MADTRAN
Qatar National;Qatar National;Qatar;Qatar;Qatar;-128.0000000000;-283.0000000000;22.0000000000;;;;;20.0000000000;20.0000000000;20.0000000000;128.0000000000;283.0000000000;-22.0000000000;;;;;20.0000000000;20.0000000000;20.0000000000;3;NIMA&MADTRAN
Qatar National 1995;Qatar National;Qatar;Qatar;Qatar;-119.4248000000;-303.6587200000;-11.0006100000;1.1642980000;0.1744580000;1.0962590000;3.6570650000;;;;119.4248000000;303.6587200000;11.0006100000;-1.1642980000;-0.1744580000;-1.0962590000;-3.6570650000;;;;;Qatar Survey Manual
Qornoq;Qornoq;Groenlàndia (Sud);Groenlandia (Sur);Greenland (South);164.0000000000;138.0000000000;-189.0000000000;;;;;25.0000000000;25.0000000000;32.0000000000;-164.0000000000;-138.0000000000;189.0000000000;;;;;25.0000000000;25.0000000000;32.0000000000;2;NIMA&MADTRAN
REGCAN95;REGCAN95;Illes Canàries;Islas Canarias;Canarias Islands;0.0000000000;0.0000000000;0.0000000000;;;;;;;;0.0000000000;0.0000000000;0.0000000000;;;;;;;;;
Reunion;Reunion;Illa de la Reunió (Illes Mascarenyes);Isla de la Reunión (Islas Mascareñas);Réunion (Mascarene Islands);94.0000000000;-948.0000000000;-1262.0000000000;;;;;25.0000000000;25.0000000000;25.0000000000;-94.0000000000;948.0000000000;1262.0000000000;;;;;25.0000000000;25.0000000000;25.0000000000;1;IGN Madrid. http://www.fomento.es
Rikets koordinatsystem 1990;Rikets koordinatsystem 1990;Suècia;Suecia;Sweden;419.3836000000;99.3335000000;591.3451000000;-0.8503890000;-1.8172770000;7.8622380000;-0.994960000;;;;-419.3836000000;-99.3335000000;-591.3451000000;0.8503890000;1.8172770000;-7.862238000;0.994960000;;;;;
Rome 1940;Rome 1940;Itàlia (Sardenya);Italia (Cerdeña);Italy (Sardinia);-225.0000000000;-65.0000000000;9.0000000000;;;;;25.0000000000;25.0000000000;25.0000000000;225.0000000000;65.0000000000;-9.0000000000;;;;;25.0000000000;25.0000000000;25.0000000000;1;NIMA&MADTRAN
S-42 H;S-42;Hongria;Hungría;Hungary;28.0000000000;-121.0000000000;-77.0000000000;;;;;2.0000000000;2.0000000000;2.0000000000;-28.0000000000;121.0000000000;77.0000000000;;;;;2.0000000000;2.0000000000;2.0000000000;5;NIMA&MADTRAN
S-42 P;S-42;Polònia;Polonia;Poland;23.0000000000;-124.0000000000;-82.0000000000;;;;;4.0000000000;2.0000000000;4.0000000000;-23.0000000000;124.0000000000;82.0000000000;;;;;4.0000000000;2.0000000000;4.0000000000;11;NIMA&MADTRAN
S-42 C;S-42;Txecoslovàquia;Checoslovaquia;Czechoslavakia;26.0000000000;-121.0000000000;-78.0000000000;;;;;3.0000000000;3.0000000000;2.0000000000;-26.0000000000;121.0000000000;78.0000000000;;;;;3.0000000000;3.0000000000;2.0000000000;6;NIMA&MADTRAN
S-42 L;S-42;Letònia;Letonia;Latvia;24.0000000000;-124.0000000000;-82.0000000000;;;;;2.0000000000;2.0000000000;2.0000000000;-24.0000000000;124.0000000000;82.0000000000;;;;;2.0000000000;2.0000000000;2.0000000000;5;NIMA&MADTRAN
S-42 K;S-42;Kazakhstan;Kazajistán;Kazakhstan;15.0000000000;-130.0000000000;-84.0000000000;;;;;25.0000000000;25.0000000000;25.0000000000;-15.0000000000;130.0000000000;84.0000000000;;;;;25.0000000000;25.0000000000;25.0000000000;2;NIMA&MADTRAN
S-42 A;S-42;Albània;Albania;Albania;24.0000000000;-130.0000000000;-92.0000000000;;;;;3.0000000000;3.0000000000;3.0000000000;-24.0000000000;130.0000000000;92.0000000000;;;;;3.0000000000;3.0000000000;3.0000000000;7;NIMA&MADTRAN
S-42 R;S-42;Romania;Rumania (Rumanía);Romania;28.0000000000;-121.0000000000;-77.0000000000;;;;;3.0000000000;5.0000000000;3.0000000000;-28.0000000000;121.0000000000;77.0000000000;;;;;3.0000000000;5.0000000000;3.0000000000;4;NIMA&MADTRAN
S-JTSK;S-JTSK;Txecoslovàquia (anterior a l'1 de gener de 1993);Checoslovaquia (anterior al 1 de enero de 1993);Czechoslavakia (Prior 1 JAN 1993);589.0000000000;76.0000000000;480.0000000000;;;;;4.0000000000;2.0000000000;3.0000000000;-589.0000000000;-76.0000000000;-480.0000000000;;;;;4.0000000000;2.0000000000;3.0000000000;6;NIMA&MADTRAN
Santo (DOS) 1965;Santo (DOS) 1965;Illa de l'Esperit Sant;Isla del Espíritu Santo;Espirito Santo Island;170.0000000000;42.0000000000;84.0000000000;;;;;25.0000000000;25.0000000000;25.0000000000;-170.0000000000;-42.0000000000;-84.0000000000;;;;;25.0000000000;25.0000000000;25.0000000000;1;NIMA&MADTRAN
Sao Braz;Sao Braz;"Açores (Illa de São Miguel; Illa de Santa Maria)";"Azores (Isla de São Miguel; Isla de Santa María)";"Azores (São Miguel Island; Santa Maria Island)";-203.0000000000;141.0000000000;53.0000000000;;;;;25.0000000000;25.0000000000;25.0000000000;203.0000000000;-141.0000000000;-53.0000000000;;;;;25.0000000000;25.0000000000;25.0000000000;2;NIMA&MADTRAN
Sapper Hill 1943;Sapper Hill 1943;"Illa Malvina Oriental o Illa Soledad; Malvines";"Isla Malvina Oriental o Isla Soledad; Malvinas";East Falkland Island;-355.0000000000;21.0000000000;72.0000000000;;;;;1.0000000000;1.0000000000;1.0000000000;355.0000000000;-21.0000000000;-72.0000000000;;;;;1.0000000000;1.0000000000;1.0000000000;5;NIMA&MADTRAN
Schwarzeck;Schwarzeck;Namíbia;Namibia;Namibia;616.0000000000;97.0000000000;-251.0000000000;;;;;20.0000000000;20.0000000000;20.0000000000;-616.0000000000;-97.0000000000;251.0000000000;;;;;20.0000000000;20.0000000000;20.0000000000;3;NIMA&MADTRAN
Selvagem Grande 1938;Selvagem Grande 1938;Illes Salvatges (regió de Madeira);Islas Salvajes (región de Madeira);Salvage Islands (Madeira region);-289.0000000000;-124.0000000000;60.0000000000;;;;;25.0000000000;25.0000000000;25.0000000000;289.0000000000;124.0000000000;-60.0000000000;;;;;25.0000000000;25.0000000000;25.0000000000;1;NIMA&MADTRAN
Sierra Leone 1960;Sierra Leone 1960;Sierra Leone;Sierra Leona;Sierra Leone;-88.0000000000;4.0000000000;101.0000000000;;;;;15.0000000000;15.0000000000;15.0000000000;88.0000000000;-4.0000000000;-101.0000000000;;;;;15.0000000000;15.0000000000;15.0000000000;8;NIMA&MADTRAN
SIRGAS;SIRGAS;Amèrica del Sud;América del Sur;South America;0.0000000000;0.0000000000;0.0000000000;;;;;;;;0.0000000000;0.0000000000;0.0000000000;;;;;;;;;
South American 1969 A;South American 1969;Argentina;Argentina;Argentina;-62.0000000000;-1.0000000000;-37.0000000000;;;;;5.0000000000;5.0000000000;5.0000000000;62.0000000000;1.0000000000;37.0000000000;;;;;5.0000000000;5.0000000000;5.0000000000;10;NIMA&MADTRAN
South American 1969 B;South American 1969;Bolívia;Bolivia;Bolivia;-61.0000000000;2.0000000000;-48.0000000000;;;;;15.0000000000;15.0000000000;15.0000000000;61.0000000000;-2.0000000000;48.0000000000;;;;;15.0000000000;15.0000000000;15.0000000000;4;NIMA&MADTRAN
South American 1969 BR;South American 1969;Brasil;Brasil;Brazil;-60.0000000000;-2.0000000000;-41.0000000000;;;;;3.0000000000;5.0000000000;5.0000000000;60.0000000000;2.0000000000;41.0000000000;;;;;3.0000000000;5.0000000000;5.0000000000;22;NIMA&MADTRAN
South American 1969 CH;South American 1969;Xile;Chile;Chile;-75.0000000000;-1.0000000000;-44.0000000000;;;;;15.0000000000;8.0000000000;11.0000000000;75.0000000000;1.0000000000;44.0000000000;;;;;15.0000000000;8.0000000000;11.0000000000;9;NIMA&MADTRAN
South American 1969 CO;South American 1969;Colòmbia;Colombia;Colombia;-44.0000000000;6.0000000000;-36.0000000000;;;;;6.0000000000;6.0000000000;5.0000000000;44.0000000000;-6.0000000000;36.0000000000;;;;;6.0000000000;6.0000000000;5.0000000000;7;NIMA&MADTRAN
South American 1969 E;South American 1969;Equador;Ecuador;Ecuador;-48.0000000000;3.0000000000;-44.0000000000;;;;;3.0000000000;3.0000000000;3.0000000000;48.0000000000;-3.0000000000;44.0000000000;;;;;3.0000000000;3.0000000000;3.0000000000;11;NIMA&MADTRAN
South American 1969 BG;South American 1969;"Equador (Baltra; Galápagos)";"Ecuador (Baltra; Galápagos)";"Ecuador (Baltra; Galapagos)";-47.0000000000;26.0000000000;-42.0000000000;;;;;25.0000000000;25.0000000000;25.0000000000;47.0000000000;-26.0000000000;42.0000000000;;;;;25.0000000000;25.0000000000;25.0000000000;1;NIMA&MADTRAN
South American 1969 G;South American 1969;Guyana;Guyana;Guyana;-53.0000000000;3.0000000000;-47.0000000000;;;;;9.0000000000;5.0000000000;5.0000000000;53.0000000000;-3.0000000000;47.0000000000;;;;;9.0000000000;5.0000000000;5.0000000000;5;NIMA&MADTRAN
South American 1969 AB;South American 1969;"mitjana per a l'Argentina; Bolívia; Brasil; Xile; Colòmbia; Equador; Guyana; Paraguai; Perú; Trinitat i Tobago; Veneçuela";"media para Argentina; Bolivia; Brasil; Chile; Colombia; Ecuador; Guyana; Paraguay; Perú; Trinidad y Tobago; Venezuela";"mean for Argentina; Bolivia; Brazil; Chile; Colombia; Ecuador; Guyana; Paraguay; Peru; Trinidad & Tobago; Venezuela";-57.0000000000;1.0000000000;-41.0000000000;;;;;15.0000000000;6.0000000000;9.0000000000;57.0000000000;-1.0000000000;41.0000000000;;;;;15.0000000000;6.0000000000;9.0000000000;84;NIMA&MADTRAN
South American 1969 P;South American 1969;Paraguai;Paraguay;Paraguay;-61.0000000000;2.0000000000;-33.0000000000;;;;;15.0000000000;15.0000000000;15.0000000000;61.0000000000;-2.0000000000;33.0000000000;;;;;15.0000000000;15.0000000000;15.0000000000;4;NIMA&MADTRAN
South American 1969 PE;South American 1969;Perú;Perú;Peru;-58.0000000000;0.0000000000;-44.0000000000;;;;;5.0000000000;5.0000000000;5.0000000000;58.0000000000;0.0000000000;44.0000000000;;;;;5.0000000000;5.0000000000;5.0000000000;6;NIMA&MADTRAN
South American 1969 TT;South American 1969;Trinitat i Tobago;Trinidad y Tobago;Trinidad & Tobago;-45.0000000000;12.0000000000;-33.0000000000;;;;;25.0000000000;25.0000000000;25.0000000000;45.0000000000;-12.0000000000;33.0000000000;;;;;25.0000000000;25.0000000000;25.0000000000;1;NIMA&MADTRAN
South American 1969 V;South American 1969;Veneçuela;Venezuela;Venezuela;-45.0000000000;8.0000000000;-33.0000000000;;;;;3.0000000000;6.0000000000;3.0000000000;45.0000000000;-8.0000000000;33.0000000000;;;;;3.0000000000;6.0000000000;3.0000000000;5;NIMA&MADTRAN
South Asia;South Asia;Singapur;Singapur;Singapore;7.0000000000;-10.0000000000;-26.0000000000;;;;;25.0000000000;25.0000000000;25.0000000000;-7.0000000000;10.0000000000;26.0000000000;;;;;25.0000000000;25.0000000000;25.0000000000;1;NIMA&MADTRAN
Tananarive Observatory 1925;Tananarive Observatory 1925;Madagascar;Madagascar;Madagascar;-189.0000000000;-242.0000000000;-91.0000000000;;;;;;;;189.0000000000;242.0000000000;91.0000000000;;;;;;;;0;NIMA&MADTRAN
Tete Moz;Tete;Moçambic;Mozambique;Mozambique;-115.0000000000;-87.3900000000;-101.7160000000;0.058;-4.001;2.062;9.366;;;;115.0000000000;87.3900000000;101.7160000000;-0.058;4.001;-2.062;-9.366;;;;;EPSG
Tete Moz A;Tete;Moçambic, al sud d'aproximadament -24 graus de latitud;Mozambique, en el sur de aproximadamente -24 grados de latitud;Mozambique, south of approximately -24 deg lat;-82.8750000000;-57.0970000000;-156.7680000000;2.158;-1.524;0.982;-0.359;;;;82.8750000000;57.0970000000;156.7680000000;-2.158;1.524;-0.982;0.359;;;;;EPSG
Tete Moz B;Tete;Moçambic, entre aproximadament -24 i -20 graus de latitud;Mozambique, entre aproximadamente -24 y -20 grados de latitud;Mozambique, between approximately -24 and -20 deg lat;-138.5270000000;-91.9990000000;-114.5910000000;0.140;-3.363;2.217;11.748;;;;138.5270000000;91.9990000000;114.5910000000;-0.140;3.363;-2.217;-11.748;;;;;EPSG
Tete Moz C;Tete;Moçambic, entre aproximadament -20 i -16 graus de latitud;Mozambique, entre aproximadamente -20 y -16 grados de latitud;Mozambique, between approximately -20 and -16 deg lat;-73.4720000000;-51.6600000000;-112.4820000000;-0.953;-4.600;2.368;0.586;;;;73.4720000000;51.6600000000;112.4820000000;0.953;4.600;-2.368;-0.586;;;;;EPSG
Tete Moz D;Tete;Moçambic, al nord d'aproximadament -16 graus de latitud;Mozambique, en el norte de aproximadamente -16 grados de latitud;Mozambique, north of approximately -16 deg lat;219.3150000000;168.9750000000;-166.1450000000;-0.198;-5.926;2.356;-57.104;;;;115.0000000000;87.3900000000;101.7160000000;-0.058;4.001;-2.062;-9.366;;;;;EPSG
Timbalai 1948;Timbalai 1948;"Brunei; Est de Malàisia (Sabah; Sarawak)";"Brunei; Este de Malasia (Sabah; Sarawak)";"Brunei; East Malaysia (Sabah; Sarawak)";-679.0000000000;669.0000000000;-48.0000000000;;;;;10.0000000000;10.0000000000;12.0000000000;679.0000000000;-669.0000000000;48.0000000000;;;;;10.0000000000;10.0000000000;12.0000000000;8;NIMA&MADTRAN
Tokyo J;Tokyo;Japó;Japón;Japan;-148.0000000000;507.0000000000;685.0000000000;;;;;8.0000000000;5.0000000000;8.0000000000;148.0000000000;-507.0000000000;-685.0000000000;;;;;8.0000000000;5.0000000000;8.0000000000;16;NIMA&MADTRAN
Tokyo JKO;Tokyo;"mitjana per al Japó; Corea del Sud; Okinawa";"media para Japón; Corea del Sur; Okinawa";"mean for Japan; South Korea; Okinawa";-148.0000000000;507.0000000000;685.0000000000;;;;;20.0000000000;5.0000000000;20.0000000000;148.0000000000;-507.0000000000;-685.0000000000;;;;;20.0000000000;5.0000000000;20.0000000000;31;NIMA&MADTRAN
Tokyo O;Tokyo;Okinawa;Okinawa;Okinawa;-158.0000000000;507.0000000000;676.0000000000;;;;;20.0000000000;5.0000000000;20.0000000000;158.0000000000;-507.0000000000;-676.0000000000;;;;;20.0000000000;5.0000000000;20.0000000000;3;NIMA&MADTRAN
Tokyo K;Tokyo;Corea del Sud;Corea del Sur;South Korea;-147.0000000000;506.0000000000;687.0000000000;;;;;2.0000000000;2.0000000000;2.0000000000;147.0000000000;-506.0000000000;-687.0000000000;;;;;2.0000000000;2.0000000000;2.0000000000;29;NIMA&MADTRAN
Tristan Astro 1968;Tristan Astro 1968;Tristan da Cunha;Tristan da Cunha (Tristán de Acuña);Tristan da Cunha;-632.0000000000;438.0000000000;-609.0000000000;;;;;25.0000000000;25.0000000000;25.0000000000;632.0000000000;-438.0000000000;609.0000000000;;;;;25.0000000000;25.0000000000;25.0000000000;1;NIMA&MADTRAN
Viti Levu 1916;Viti Levu 1916;Fiji (Illa de Viti Levu);Fiyi (Isla de Viti Levu);Fiji (Viti Levu Island);51.0000000000;391.0000000000;-36.0000000000;;;;;25.0000000000;25.0000000000;25.0000000000;-51.0000000000;-391.0000000000;36.0000000000;;;;;25.0000000000;25.0000000000;25.0000000000;1;NIMA&MADTRAN
Voirol 1960;Voirol 1960;Algèria;Argelia;Algeria;-123.0000000000;-206.0000000000;219.0000000000;;;;;25.0000000000;25.0000000000;25.0000000000;123.0000000000;206.0000000000;-219.0000000000;;;;;25.0000000000;25.0000000000;25.0000000000;2;NIMA&MADTRAN
Wake Island Astro 1952;Wake Island Astro 1952;Illes Wake (atol de Wake);Islas Wake (atolón de Wake);Wake Atoll;276.0000000000;-57.0000000000;149.0000000000;;;;;25.0000000000;25.0000000000;25.0000000000;-276.0000000000;57.0000000000;-149.0000000000;;;;;25.0000000000;25.0000000000;25.0000000000;2;NIMA&MADTRAN
Wake-Eniwetok 1960;Wake-Eniwetok 1960;Illes Marshall;Islas Marshall;Marshall Islands;102.0000000000;52.0000000000;-38.0000000000;;;;;3.0000000000;3.0000000000;3.0000000000;-102.0000000000;-52.0000000000;38.0000000000;;;;;3.0000000000;3.0000000000;3.0000000000;10;NIMA&MADTRAN
WGS 1972;WGS72;Mundial;Mundial;World;0.0000000000;0.0000000000;0.0000000000;;;;;;;;0.0000000000;0.0000000000;0.0000000000;;;;;;;;0;NIMA&MADTRAN
WGS 1984;WGS84;Mundial;Mundial;World;0.0000000000;0.0000000000;0.0000000000;;;;;;;;0.0000000000;0.0000000000;0.0000000000;;;;;;;;0;NIMA&MADTRAN
Yacare;Yacare;Uruguai;Uruguay;Uruguay;-155.0000000000;171.0000000000;37.0000000000;;;;;;;;155.0000000000;-171.0000000000;-37.0000000000;;;;;;;;0;NIMA&MADTRAN
Zanderij;Zanderij;Surinam;Surinam;Suriname;-265.0000000000;120.0000000000;-358.0000000000;;;;;5.0000000000;5.0000000000;8.0000000000;265.0000000000;-120.0000000000;358.0000000000;;;;;5.0000000000;5.0000000000;8.0000000000;5;NIMA&MADTRAN
